Video Length,Speaking Rate,Clarity,Gender,Smile,Anger,Contempt,Disgust,Fear,Happiness,Neutral,Sadness,Surprise,Facial Hair,user_preference
10,113,0.86,M,0.8,0.31,0.39,0.45,0.38,0.75,0.36,0.42,0.33,0.76,4.95
10,138,0.58,F,0.11,0.18,0.03,0.49,0.5,0.49,0.8,0.2,0.69,0.93,4.42
3,109,0.03,F,0.85,0.2,0.96,0.47,0.02,0.02,0.04,0.75,0.97,0.5,4.78
4,117,0.89,M,0.02,0.44,0.29,0.11,0.77,0.73,0.87,0.15,0.62,0.54,4.54
1,135,0.84,M,0.14,0.08,0.64,0.65,0.76,0.83,0.04,0.06,0.6,0.93,4.73
7,107,0.14,F,0.34,0.37,0.96,0.68,0.31,0.64,0.41,0.63,0.37,0.26,4.97
12,140,0.14,F,0.94,0.3,0.03,0.45,0.81,0.02,0.92,0.41,0.66,0.04,4.58
5,136,0.06,M,0.1,0.07,0.5,0.32,0.11,0.95,0.83,0.87,0.01,0.05,3.81
7,130,0.15,F,0.08,0.96,0.3,0.02,0.18,0.6,0.3,0.01,0.33,0.65,3.43
1,113,0.58,M,0.75,0.52,0.27,0.27,0.73,0.25,0.87,0.35,0.74,0.84,5.59
3,119,0.5,M,0.3,0.14,0.45,0.59,0.43,0.21,0.13,0.18,0.94,0.57,3.94
4,112,0.31,F,0.08,0.34,0.79,0.85,0.6,0.58,0.64,0.51,0.18,0.95,5.52
12,124,0.14,M,0.37,0.83,1,0.61,0.16,0.73,0.81,0.82,0.77,0.43,6.53
5,124,0.79,M,0.53,0.08,0.62,0.27,0.14,0.19,0.48,0.69,0.61,0.89,4.5
4,131,0.06,F,0.19,0.49,0.53,0.62,0.55,1,0.42,0.47,0.54,0.22,5.03
10,126,0.14,F,0.57,0.6,0.94,0.41,0.18,0.63,0.27,0.26,0.37,0.82,5.05
2,104,0.23,M,0.6,0.37,0.65,0.36,0.73,0.92,0.73,0.76,0.28,0.57,5.97
8,100,0.94,M,0.1,0.15,0.52,0.26,0.11,0.88,0.97,0.92,0.62,0.47,5
6,103,0.37,F,0.77,0.51,0.56,0.13,0.26,0.95,0.94,0.02,0.98,0.82,5.94
11,104,0.24,F,0.45,0.3,0.29,0.13,0.47,0.84,0.84,0.76,0.16,0.85,5.09
1,111,0.51,M,0.15,0.79,0.33,0.4,0.57,0.69,0.69,0.68,0.4,0.31,5.01
12,140,0.56,F,0.24,0.05,0.52,0.45,0.34,0.84,0.8,0.01,0.11,0.21,3.57
13,136,0.03,F,0.09,0.33,0.53,0.18,0.6,0.77,0.01,0.96,0.4,0.02,3.89
12,130,0.59,F,0.42,0.5,0.21,0.9,0.97,0.31,0.37,0.17,0.46,0.67,4.98
11,123,0.43,F,0.74,0.28,0.74,0.87,0.53,0.77,0.5,0.59,0.69,0.52,6.23
4,109,0.19,F,0.25,0.21,0.55,0.59,0.84,0.16,0.45,0.46,0.24,0.57,4.32
2,119,0.15,M,0.03,0.57,0.42,0.39,0.5,0.4,0.57,0.77,0.01,0.14,3.8
5,125,0.25,M,0.28,0.09,0.64,0.35,0.44,0.85,0.46,0.65,0.09,0.15,4
12,122,0.69,F,0.82,0.66,0.93,0.63,0.51,0.46,0.6,0.66,0.73,0,6
2,105,0.32,F,0.06,0.26,0.83,0.65,0.72,0.38,0.34,0.29,0.2,0.17,3.9
6,104,0.87,M,0.08,0.89,0.95,0.27,0.05,0.13,0.55,0.33,0.52,0.85,4.62
4,120,0.7,F,0.24,0.95,0.04,0.45,0.11,0.11,0.55,0.86,0.15,0.52,3.98
2,101,0.52,F,0.64,0.72,0.48,0.82,0.01,0.11,0.15,0.28,1,0.93,5.14
3,108,0.65,F,0.64,0.88,0.92,0.27,0.58,0.78,0.91,0.68,0.53,0.56,6.75
3,132,0.89,F,0.31,0.32,0.25,0.69,0.19,0.89,0.75,0.1,0.74,0.81,5.05
4,103,0.54,F,0.56,0.89,0.09,0.43,0.39,0.04,0.02,0,0.22,0.01,2.65
10,106,0.75,F,0.85,0.22,0.74,0.52,0.55,0.38,0.04,0.21,0.12,0.98,4.61
13,104,0.75,M,0.73,0.71,0.07,0.87,0.88,0.57,0.53,0.29,0.79,0.35,5.79
12,123,0.74,M,0.11,0.55,0.31,0.78,0.63,0.98,1,0.54,0.81,0.19,5.9
5,121,0.46,M,0.61,0.8,0.12,0.53,0.14,0.67,0.43,0.85,0.94,0.96,6.05
6,100,0.87,M,0.06,0.29,0.69,0.76,0.43,0.73,0.76,0.81,0.82,0.9,6.25
12,103,0.22,F,0.16,0.62,0.35,1,0.21,0.43,0.14,0.19,0.7,0.78,4.58
10,114,0.87,F,0.08,0.46,0.22,0.88,0.14,0.94,0.38,0.76,0.54,0.66,5.06
11,121,0.27,M,0.25,0.83,0.8,0.56,0.95,0.97,0.09,0.73,0.17,0.16,5.51
12,115,0.75,M,0.16,0.51,0.6,0.25,0.48,0.27,0.85,0.28,0.1,0.06,3.56
12,102,0.78,F,0.11,0.18,0.18,0.47,0.6,0.65,0.49,0.28,0.32,0.49,3.77
10,109,0.23,M,0.84,0.9,0.46,0.82,0.18,0.47,0.62,0.76,0.86,0.63,6.54
12,119,0.33,M,0.72,0.32,0.59,0.15,0.47,0.8,0.37,0.86,0.52,0.33,5.13
4,139,0.21,F,0.24,0.52,0.18,0.25,0.91,0.17,0.31,0.75,0.71,0.64,4.68
11,113,0.69,F,0.24,0.38,0.04,0.42,0,0.4,0.54,0.39,0.75,0.42,3.58
5,139,0.07,M,0,0.56,0.75,0.67,0.29,0.38,0.53,0.08,0.44,0.59,4.29
12,120,0.03,F,0.27,1,0.16,0.5,0.79,0.61,0.71,0.22,0.5,0.32,5.08
12,134,0.41,F,0.63,0.13,0.77,0.03,0.29,0.95,0.07,0.66,0.78,0.39,4.7
1,109,0.32,F,0.83,0.44,0.29,0,0.83,0.99,0.85,0.45,0.01,0.17,4.86
12,106,0.3,F,0.88,0.61,0.68,0.19,0.62,0.5,0.25,0.78,0.58,0.58,5.67
8,129,0.69,M,0.06,0.19,0.31,0.78,0.07,0.68,0.6,0.21,0.48,0.21,3.59
3,128,0.28,F,0.03,0.99,0.88,0.55,0.66,0.46,0.13,0.93,0.84,0.99,6.46
13,112,0.92,F,0.2,0.35,0.38,0.03,0.69,0.39,0.08,0.13,0.34,0.96,3.55
5,115,0.21,F,0.15,0.02,0.25,0.11,0.41,0.39,0.98,0.11,0.31,0.04,2.77
9,102,0.25,M,0.82,0.25,0.76,0.34,0.08,0.25,0.01,0.3,0.67,0.68,4.16
5,132,0.11,M,0.87,0.42,0.43,0.37,0.65,0.71,0.18,0.07,0.85,0.41,4.96
12,110,0.5,M,0.08,0.96,0.06,0.75,0.57,0.66,0.57,0.28,0.12,0.57,4.62
2,123,0.15,M,0.27,0.13,0.27,0.87,0.71,0.45,0,0.62,0.36,0.26,3.94
2,107,0.18,F,0.69,1,0.75,0.09,0.54,0.26,0.2,0.58,0.77,0.51,5.39
7,102,0.59,M,0.42,0.36,0.16,0.43,0.89,0.64,0.32,0.38,0.88,0.51,4.99
4,114,0.2,F,0.37,0.86,0.03,0.14,0.34,0.49,0.43,0.03,0.85,0.65,4.19
13,127,0.37,M,0.53,0.76,0.94,0,0.93,0.34,0.08,0.31,0.5,0.08,4.47
11,132,0.5,F,0.37,0.04,0.88,0.12,0.99,0.54,0.98,0.37,0.91,0.23,5.43
10,114,0.56,M,0.8,0.94,0.4,0,0.16,0.73,0.26,0.35,0.62,0.94,5.2
1,138,0.35,M,0.96,0.89,0.45,0,0.81,0.89,0.26,0.14,0.29,0.84,5.53
13,106,0.52,F,0.91,0.51,0.93,0.93,0.58,0.42,0.97,0.18,0.29,0.37,6.09
10,136,0.96,F,0.77,0.34,0.54,0.23,0.72,0.69,0.65,0.5,0.75,0.42,5.61
9,129,0.04,F,0.57,0.92,0.08,0.76,0.4,0.8,0.25,0.68,0.08,0.88,5.42
6,109,0.69,F,0.08,0.69,0.72,0.67,0.19,0.33,0.99,0.48,0.26,0.35,4.76
13,130,0.45,F,0.54,0.72,0.37,0.34,0.59,0.12,0.2,0.43,0.12,0.92,4.35
11,126,0.02,F,0.69,0.76,0.27,0.45,0.72,0.33,0.55,0.97,0.12,0.28,5.14
7,108,0.58,M,0.86,0.35,0.35,0.72,0.3,0.39,0.93,0.03,0.15,0.64,4.72
13,123,0.03,F,0.88,0.9,0.23,0.54,0.89,0.05,0.82,0.52,0.02,0.61,5.46
7,129,0.89,F,0.76,0.43,0.19,0.74,0.31,0.34,0.41,0.22,0.59,0.05,4.04
10,121,0.25,F,0.18,0.49,0.42,0.87,0.49,0.03,0.1,0.3,0.65,0.59,4.12
9,135,0.37,F,0.84,0.68,0.07,0.08,0.2,0.37,0.46,0.84,0.05,0.57,4.16
8,112,0.29,F,0.45,0.27,0.61,0.09,0.3,0.89,0.34,0.07,0.82,0.95,4.79
2,125,0.58,F,0.33,0.12,0.32,0.29,0.66,0.82,0.44,0.68,0.02,0.12,3.8
9,101,0.57,M,0.23,0.81,0.9,0.29,0.83,0.71,0.33,0.83,0.06,0.4,5.39
4,108,0.3,M,0.56,0.46,0.9,0.52,0.97,0.58,0.47,0.61,0.76,0.18,6.01
3,128,0.65,M,0.2,0.42,0.51,0.24,0.76,0.18,0.78,0.64,0.81,0.94,5.48
1,116,0.8,M,0.81,0.13,0.76,0.09,0.51,0.62,0.8,0.72,0.28,0.16,4.88
1,100,0.32,M,0.29,0.2,0.01,0.3,0.82,0.6,0.4,0.36,0.5,0.18,3.66
12,119,0.33,M,0.73,0.89,0.51,0.84,0.63,0.92,0.06,0.03,0.74,0.08,5.43
8,100,0.33,F,0.29,0.84,0.72,0.83,0.3,0.01,0.4,0.18,0.25,0.63,4.45
4,122,0.8,F,0.19,0.92,0.9,0.46,0.36,0.43,0.4,0.12,0.33,0.66,4.77
13,101,0.39,M,0.24,0.51,0.97,0.27,0.36,0.83,0.61,0.91,0.6,0.6,5.9
11,122,0.61,F,0.85,0.08,0.04,0.27,0.54,0.26,0.98,0.61,0.93,0.97,5.53
6,138,0.65,F,0.04,0.18,0.17,0.57,0.4,0.21,0.97,0.94,0.81,0.58,4.87
9,140,0.52,F,0.81,0.49,0.08,0.13,0.94,0.3,0.82,0.36,0.88,0.18,4.99
9,100,0.75,M,0.86,0.07,0.39,0.34,0.87,0.61,0.66,0.68,0.47,0.56,5.51
6,109,0.99,M,0.67,0.97,0.49,0.53,0.5,0.8,0.64,0.66,0.1,0.1,5.46
4,103,0.97,M,0.44,0.58,0.18,0.96,0.56,0.08,0.28,0.33,0.87,0.11,4.39
2,135,0.67,M,0.21,0.24,0.99,0.18,0.48,0.9,0.21,0.84,0.56,0.03,4.64
5,103,0.78,M,0.23,0.68,0.52,0.77,0.91,0.16,0.15,0.96,0.3,0.5,5.18
13,104,0.85,M,0.18,0.25,0.02,0.61,0.78,0.78,0.7,0.87,0.74,0.42,5.35
9,127,0.19,M,0.87,0.08,0.66,0.71,0.03,0.44,0.33,0.76,0.01,0.06,3.95
10,135,0.25,F,0.5,0.46,0.2,0.87,0.68,0.81,0.9,0.79,0.01,0.8,6.02
11,105,0.53,M,0.94,0.18,0.79,0.72,0.97,0.95,0.29,0.61,0.63,0.84,6.92
6,136,0.61,M,0.63,0.84,0.55,0.13,0.8,0.59,0.99,0.34,0.6,0.86,6.33
3,132,0.5,F,0.83,0.37,0.01,0.05,0.09,0.45,0.91,0.96,0.92,0.7,5.29
6,117,0.11,F,0.26,0.25,0.31,0.27,0.17,0.36,0.48,0.73,0.71,0.43,3.97
3,121,0.69,F,0.09,0.38,0.71,0.49,0.11,0.76,0.32,0.28,0.63,0.07,3.84
7,120,0.61,F,0.99,0.4,0.26,0.08,0.32,0.98,0.11,0.69,0.9,0.7,5.43
3,102,0.72,M,0.59,0.76,0.08,0.44,0.38,0.99,0.75,0.03,0.09,0.59,4.7
6,129,0.44,M,0.23,0.58,0.63,0.4,1,0.15,0.57,0.44,0.13,0.37,4.5
4,102,0.18,M,0.97,0.05,0.68,0.67,0.31,0.93,0.08,0.49,0.63,0.77,5.58
5,119,0.65,F,0.41,0.86,0.5,0.25,0.2,0.43,0.45,0.25,0.02,0.88,4.25
7,101,0.95,M,0.36,0.37,0.14,0.19,0.79,0.84,0.72,0.84,0.92,0.56,5.73
1,128,0.32,F,0.7,0.32,0.59,0.52,0,0.13,0.54,0.26,0.87,0.4,4.33
12,100,0.19,M,0.7,0.66,0.07,0.29,0.48,0.31,0.93,0.82,0.83,0.66,5.75
3,127,0.94,F,0.97,0.25,0.85,0.61,0.08,0.65,0.25,0.16,0.97,0.08,4.87
9,134,0.45,F,0.78,0.41,0.43,0.16,0.02,0.62,0.3,0.92,0.06,0.12,3.82
5,101,0.55,F,0.85,0.94,0.04,0.46,0.07,0.08,0.97,0.43,0.16,0.89,4.89
13,140,0.23,M,0.02,0.47,0.91,0.92,0.27,0.85,0.73,0.65,0.46,0.53,5.81
9,124,0.08,M,0.25,0.03,0.15,0.34,0.4,0.73,0.17,0.83,0.5,0.47,3.87
2,111,0.85,F,0.34,0.61,0.65,0.07,0.3,0.22,0,0.39,0.05,0.03,2.66
5,140,0.17,M,0.58,0.83,0.69,0.71,0.68,0.47,0.91,0.35,0.49,0.15,5.86
10,103,0.3,M,0.08,0.09,0.61,0.47,0.69,0.19,0.46,0.36,0.43,0.64,4.02
3,102,0.8,F,0.27,0.09,0.29,0.4,0.99,0.53,0.49,0.31,0.57,0.61,4.55
10,140,0.46,F,0.23,0.93,0.37,0.91,0.69,0.88,0.55,0.78,0.46,0.14,5.94
7,100,0.57,F,0.48,0.95,0.78,0.14,0.03,0.62,0.52,0.42,0.59,0.16,4.69
4,133,0.05,M,0.15,0.37,0.36,0.63,0.84,0.72,0.08,0.5,0.85,0.17,4.67
10,132,0.14,F,0.03,0.6,0.82,0.64,0.92,0.37,0.22,0.63,0.17,0.67,5.07
1,129,0.07,F,0.01,0.76,0.38,0.04,0.84,0.33,0.16,0.82,0.07,0.96,4.37
4,124,0.44,F,0.59,0.91,0.09,0.35,0.77,0.09,0.34,0.83,0.43,0.88,5.28
13,137,0.2,F,0.94,0.45,0.8,0,0.8,0.54,0.6,0.28,0.42,0.03,4.86
3,105,0.49,M,0.38,0.09,0.25,0.23,0.9,0.02,0.74,0.97,0.62,0.67,4.87
4,115,0.56,M,0.42,0.84,0.43,0.12,0.63,0.04,0.64,0.47,0.2,0.11,3.9
2,104,0.5,F,0.01,0.75,0.06,0.76,0.73,0.25,0.58,0.49,0.99,0.09,4.71
6,112,0.15,M,0.05,0.13,0.48,0.09,0.87,0.42,0.09,0.05,0.26,0.7,3.14
13,117,0.84,F,0.34,0.16,0.61,0.31,0.61,0.49,0.76,0.96,0.21,0.64,5.09
7,138,0.57,F,0.81,0.99,0.44,0.31,0.84,0.71,0.85,0.33,0.93,0.91,7.12
3,134,0.75,M,0.88,0.82,0.08,0.22,0.16,0.82,0.3,0.41,0.81,0.29,4.79
1,106,0.68,F,0.16,0.87,0.5,0.97,0.62,0.06,0.73,0.6,0.06,0.51,5.08
2,139,0.31,F,0.58,0.33,0.64,0.03,0.21,0.22,0.86,0.79,0.74,0.82,5.22
11,130,0.69,M,0.85,0.3,0.89,0.49,0.03,0.37,0.38,0.27,0.35,0.5,4.43
1,130,0.18,F,0.59,0.75,0.99,0.47,0.22,0.56,0.59,0.31,0.47,0.6,5.55
2,132,0.15,F,0.84,0.69,0.83,0.8,0.66,0.06,0.61,0.42,0.29,0.44,5.64
1,140,0.12,M,0.51,0.05,0.96,0.94,0.63,0.35,0.53,0.67,0.18,0.82,5.64
10,110,0.22,F,0.72,0.51,0.47,0.08,0.23,0.56,0.17,0.57,0.76,0.63,4.7
11,140,0.52,F,0.63,0.53,0.56,0.43,0.18,0.53,0.95,0.62,0.16,0.47,5.06
9,139,0.84,F,0.07,0.73,0.96,0.96,0.74,0.82,0.08,0.4,0.18,0.26,5.2
12,133,0.07,F,0.98,0.68,0.08,0.55,0.66,0.37,0.33,0.6,0.96,0.93,6.14
8,121,0.91,M,0.04,0.25,0.46,0.57,0.61,0,0.27,0.6,0.8,0.82,4.42
7,112,0.15,M,0.7,0.48,0.6,0.99,0.33,0.66,0.43,0.45,0.98,0.42,6.04
1,139,0.98,F,0.61,0.38,0.3,0.68,0.69,0.19,0.64,0.97,0.68,0.12,5.26
11,138,0.74,F,0.8,0.14,0.37,0.88,0.31,0.88,0.17,0.17,0.41,0.17,4.3
5,101,0.45,F,0.28,0.22,0.92,0.39,0.81,0.66,0.17,0.99,0.01,0.76,5.21
11,116,0.72,M,0.76,0.67,0.26,0.49,0.24,0.09,0.97,0.93,0.93,0.71,6.05
9,110,0.03,M,0.59,0.18,0.93,0.22,0.34,0.96,0.15,0.09,0.73,0.62,4.81
3,110,0.9,F,0.17,0.25,0.28,0.76,0.64,0.13,0.78,0.85,0.84,0.57,5.27
3,139,0.59,M,0.94,0.4,0.33,0.69,0.44,0.96,0.6,0.15,0,0.98,5.49
7,136,0.57,F,0.22,0.32,0.33,0.44,0.34,0.39,0.66,0.6,0.99,0.32,4.61
2,129,0.91,F,0.38,0.75,0.37,0.57,0.91,0.59,0.86,0.52,0.82,0.23,6
5,107,0.25,M,0,0.49,0.27,0.63,0.95,0.75,0.23,0.05,0.05,0.92,4.34
10,121,0.02,M,0.04,0.89,0.39,0.89,0.76,0.97,0.54,0.94,0.11,0.77,6.3
6,128,0.77,M,0.12,0.13,0.34,0.02,0.78,0.69,0.86,0.42,0.07,0.92,4.35
12,116,0.63,M,0.47,0.72,0.73,0.35,0.69,0.09,0.64,0.74,0.04,0.91,5.38
8,104,0.64,F,0.21,0.3,0.64,0.44,0.6,0.52,0.82,0.78,0.68,0.57,5.56
13,111,0.91,M,0.4,0.96,0.4,0.11,0.94,0.77,0.26,0.7,0.77,0.44,5.75
6,112,0.64,M,0.99,0.81,0.31,0.96,0.7,0.68,0.7,0.75,0.53,0.37,6.8
8,103,0.71,M,0.69,0.69,0.48,0.38,0.27,0.2,0.61,0.44,0.04,0.86,4.66
10,137,0.15,F,0.54,0.58,0.31,0.22,0.4,0.26,0.42,0.6,0.52,0.75,4.6
9,103,0.84,M,0.62,0.59,0.58,0.49,0.38,0.28,0.9,0.65,0.57,0.12,5.18
6,119,0.3,M,0.54,0.55,0.68,0.84,0.01,0.86,0.96,0.15,0.38,0.56,5.53
5,130,0.95,M,0.37,0.76,0.17,0.59,0.04,0.94,0.58,0.53,0.02,0.94,4.94
12,125,0.3,F,0.19,0.25,0.2,0.6,0.21,0.69,0.49,0.71,0.82,0.34,4.5
9,114,0.98,F,0.21,0.44,0.96,0.82,0.83,0.77,0,0.17,0.36,0.66,5.22
1,126,0.32,F,0.25,0.66,0.33,0.18,0.77,0.37,0.88,0.86,0.54,0.48,5.32
2,123,0.15,F,0.3,0.87,0.08,0.28,0.47,0.13,0.29,0.8,0.28,0.13,3.63
4,133,0.69,F,0.38,0.9,0.41,1,0.8,0.31,0.28,0.63,0.57,0.08,5.36
12,128,0.95,M,0.77,0.99,0.54,0.79,0.09,0.6,0.82,0.69,0.94,0.45,6.68
13,102,0.52,F,0.23,0.31,0.53,0,0.97,0.81,0.9,0.09,0.83,0.53,5.2
1,139,0.87,F,0.54,0.09,0.58,0.76,0.43,0.87,0.68,0.57,0.73,0.73,5.98
6,111,0.23,F,0.79,0.83,0.52,0.21,0.94,0.56,0.45,0.94,0.86,0.3,6.4
9,140,0.83,M,0.1,0.66,0.37,0.64,0.73,0.15,0.03,0.62,0.61,0.26,4.17
8,138,0.5,M,0.16,0.86,0.25,0.63,0.28,0.78,0.36,0.18,0.68,0.17,4.35
1,115,0.61,F,0.53,0.67,0.7,0.17,0.41,0.48,0.66,0.25,0.62,0.97,5.46
7,120,0.81,F,0.57,0.32,0.16,0.65,0.45,0.46,0.25,0.39,0.89,0.24,4.38
7,137,0.76,M,0.91,0.66,0.97,0.27,0.62,0.43,0.2,0.42,0.2,0.24,4.92
2,139,0.63,M,0.18,0.23,0.34,0.38,0.81,0.94,0.42,0.91,0.6,0.85,5.66
10,139,0.12,M,0.53,0.91,0.99,0.75,0.77,0.45,0.08,0.03,0.29,0.43,5.23
7,114,0.76,M,0.23,0.46,0.03,0.4,0.95,0.34,0.54,0.27,0.04,0.97,4.23
11,111,0.63,F,0.07,0.14,0.26,0.72,0.85,0.34,0.13,0.88,0.58,0.83,4.8
2,139,0.45,F,0.56,0.28,0.97,0.29,0.92,0.21,0.93,0.11,0.06,0.47,4.8
6,125,0.37,M,0.7,0.19,0.36,0.11,0.8,0.64,0.54,0.21,0.32,0.17,4.04
9,108,0.62,M,0.68,0.12,0.99,0.45,0.99,0.3,0.04,0.72,0.76,0.45,5.5
12,130,0.08,F,0.42,0.25,0.55,0.09,0.39,0.94,0.88,0.04,0.73,0.04,4.33
9,130,0.29,M,0.92,0.02,0.75,0.97,0.47,0.58,0.76,0.52,0.9,0.4,6.29
7,116,0.98,M,0.78,0.03,0.25,0.38,0.3,0.56,0.56,0.03,0.55,0.67,4.11
7,101,0.32,F,0.54,0.66,0.53,0.7,0.93,0.59,0.86,0.05,0.77,0.09,5.72
2,126,0.95,M,0.63,0.23,1,0.19,0.81,0.49,0.66,0.75,0.27,0.95,5.98
7,112,0.59,F,0.38,0.84,0.22,0.62,0.7,0.38,0.96,0.57,0.02,0.76,5.45
6,137,0.41,M,0.36,0.06,0.47,0.56,0.32,0.15,0.9,0.03,0.86,0.17,3.88
9,116,0.66,M,0.2,0.09,0.16,0.79,0.74,0.07,0.7,0.12,0.13,0.16,3.16
3,103,0.35,M,0.72,0.59,0.64,0.33,0.98,0.9,0.48,0.75,0.76,0.94,7.09
11,136,0.53,M,0.34,0.82,0.47,0.07,0.47,0.98,0.11,0.14,0.53,0.97,4.9
13,130,0.45,F,0.38,0.05,0.46,0.83,0.74,0.47,0.77,0.67,0.13,0.16,4.66
10,118,0.51,F,0.45,0.46,0.7,0.4,0.43,0.31,0.86,0.3,0.89,0.26,5.06
12,131,0.91,M,0.86,0.52,0.31,0.1,0.74,0.62,0.21,0.61,0.04,0.99,5
7,112,0.9,M,0.84,0.57,0.73,0.33,0.46,0.88,0.02,0.42,0.26,0.84,5.35
10,129,0.55,M,0.52,0.3,0.61,0.94,0.05,0.69,0.14,0.65,0.32,0.61,4.83
3,130,0.66,M,0.14,0.08,0.54,0.71,0.2,0.98,0.42,0.32,0.02,0.56,3.97
9,102,0.31,M,0.27,0.61,0.18,0.18,0.99,0.52,0.51,0.88,0.42,0.34,4.9
7,112,0.95,F,0.15,0.54,0.57,0.56,0.29,0.7,0.44,0.6,0.9,0.16,4.91
2,112,0.7,M,0.24,0.97,0.52,0.93,0.52,0.98,0.21,0.19,0.79,0.21,5.56
9,113,0.32,F,0.13,0.59,0.23,0.02,0.65,0.37,0.9,0.14,0.1,0.27,3.4
10,117,0.8,M,0.61,0.42,0.7,0.22,0.63,0.12,0.15,0.66,0.66,1,5.17
8,112,0.15,M,0.25,0.94,0.61,0.59,0.07,0.7,1,0.56,0.37,0.61,5.7
10,135,0.71,F,0.47,0.92,0.16,0.19,0.52,0.23,0.08,0.65,0.97,0.85,5.04
7,117,0.92,F,0.01,0.22,0.19,0.87,0.62,0.85,0.37,0.53,0.01,0.55,4.22
9,135,0.01,F,0.52,0.93,0.04,0.16,0.38,0.09,0.31,0.81,0.29,0.12,3.65
2,127,0.53,M,0.24,0.86,0.48,0.31,0.35,0.26,0.44,0.45,0.29,0.46,4.14
4,102,0.28,M,0,0.66,0.15,0.89,0.94,0.56,0.15,0.21,0.76,0.97,5.29
5,102,0.65,M,0.85,0.23,0.08,0.97,0.33,0.09,0.19,0.21,0.69,0.1,3.74
8,123,0.84,F,0.98,0.31,0.26,0.55,0.69,0.79,0.24,0.29,0.43,0.14,4.68
13,123,0.07,M,0.18,0.18,0.75,0.18,0.92,0.34,0.74,0.14,0.58,0.08,4.09
10,131,0.87,M,0.94,0.17,0.86,0.53,0.93,0.25,0.84,0.5,0.91,0.32,6.25
7,113,0.48,F,0.09,0.56,0.54,0.54,0.61,0.93,0.37,0.42,0.57,0.62,5.25
4,101,0.1,F,0.88,0.44,0.43,0.8,0.32,0.9,0.33,0.24,0.36,0.76,5.46
7,115,0.93,F,0.72,0.04,0.88,0.91,0.69,0.9,0.13,0.56,0.45,0.76,6.04
2,131,0.69,M,0.04,0.56,0.32,0.79,0.4,0.08,0.38,0.42,0.13,0.27,3.39
2,127,0.3,F,0.09,0.03,0.14,0.19,0.17,0.47,0.9,0.62,0.34,0.01,2.96
11,128,0.59,F,0.92,0.53,0.35,0.41,0.77,0.23,0.72,0.55,0.72,0.91,6.11
8,123,0.76,F,0.69,0.99,0.58,0.72,0.97,0.71,0.33,0.26,0.75,0.14,6.14
13,113,0.75,F,0.91,0.9,0.49,0.25,0.69,0.34,0.16,0.69,0.34,0.22,4.99
12,105,0.71,F,0.39,0.39,0.65,0.79,0.42,0.05,0.07,0.1,0.5,0.24,3.6
1,140,0.61,F,0.59,0.67,0.24,0.57,0.91,0.08,0.35,0.95,0.19,0.64,5.19
1,121,0.19,F,0.6,0.99,0.04,0.35,0.19,0.87,0.96,0.63,0.31,0.06,5
1,130,0.04,M,0.78,0.91,0.81,0.12,0.72,0.38,0.53,0.64,0.94,0.71,6.54
5,140,0.22,M,0.93,0.89,0.77,0.47,0.87,0.66,0.01,0.42,0.12,0.43,5.57
10,133,0.91,M,0.15,0.34,0.41,0.69,0.84,0.06,0.05,0.54,0.37,0.61,4.06
6,131,0.06,F,0.59,0.51,0.57,0.36,0.14,0.63,0.94,0.58,0.24,0.24,4.8
9,131,0,M,0.91,0.75,0.86,0.52,0.43,0.14,0.55,0.58,0.89,0.08,5.71
3,108,0.58,F,0.33,0.89,0.46,0.23,0.05,0.2,0.47,0.05,0.42,0.39,3.49
6,124,0.93,F,0.96,0.4,0.8,0.25,0.12,0.34,0.79,0.15,0.71,0.36,4.88
11,137,0.92,F,0.75,0.31,0.74,0.7,0.31,0.14,0.8,0.91,0.56,0.48,5.7
4,114,0.2,M,0.97,0.66,0.08,0.03,0.28,0.27,0.06,0.98,0.38,0.16,3.87
12,137,0.53,M,0.07,0.94,0.06,0.06,0.29,0.39,0.64,0.38,0.75,0.87,4.45
12,104,0.61,F,0.9,0.03,0.52,0.69,0.7,0.58,0.91,0.72,0.66,0.12,5.83
11,112,0.61,M,0.71,0.75,0.8,0.3,0.21,0.45,0.12,0.36,0.46,0.57,4.73
9,103,0.41,F,0.87,0.35,0.06,0.01,0.92,0.52,0.36,0.61,0.79,0.52,5.01
6,124,0.44,M,0.14,0.64,0.99,0.83,0.24,0.36,0.05,0.06,0.12,0.11,3.54
7,109,0.52,M,0.91,0.97,0.13,0.58,0.79,0.69,0.91,0.17,0.23,0.54,5.92
9,114,0.35,F,0.58,0.48,0.66,0.15,0.57,0.89,0.05,0.93,0.36,0.65,5.32
7,104,0.66,M,0.59,0.88,0.35,0.45,0.23,0.53,0.44,0.42,0.03,0.53,4.45
2,139,0.17,M,0.47,0.84,0.11,0.83,0.75,0.35,0.53,0.82,0.66,0.1,5.46
5,126,0.95,M,0.63,0.14,0.69,0.29,0.75,0.99,0.41,0.4,0.43,0.18,4.91
1,107,0.99,M,0.14,0.6,0.02,0.99,0.26,0.88,0.79,0.78,0.77,0.15,5.38
3,112,0.55,F,0.6,0.21,0.24,0.77,0.34,0.31,0.78,0.51,0.79,0.84,5.39
13,102,0.03,F,0.32,0.93,0.51,0.49,0.35,0.57,0.58,0.15,0.63,0.27,4.8
5,125,0.22,F,0.39,0.05,0.37,0.74,0.22,0.82,0.82,0.56,0.83,0.22,5.02
4,110,0.73,F,0.95,0.95,0.11,0.53,0.51,0.42,0.54,0.44,0.85,0.26,5.56
8,101,0.61,M,0.92,0.54,0.72,0.98,0.44,0.97,0.36,0.1,0.11,0.76,5.9
1,120,0.02,F,0.64,0.88,0.47,0.24,0.04,0.04,0.03,0.23,0.73,0.3,3.6
1,136,0.2,F,0.47,0.53,0.35,0.77,0.93,0.79,0.43,0.33,0.38,0.05,5.03
6,125,0.41,M,0.47,0.35,0.44,0.78,0.06,0.13,0.97,0.28,0.05,0.16,3.69
6,103,0.62,F,0.48,0.62,0.77,0.31,0.32,0.01,0.38,0.73,0.78,0.58,4.98
12,105,0.29,F,0.35,0.66,0.19,0.23,0.75,0.91,0.36,0.14,0.75,0.89,5.23
8,101,0.63,F,0.11,0.5,0.29,0.9,0.47,0.96,0.45,0.88,0.09,0.77,5.42
1,111,0.62,M,0.84,0.92,0.54,0.28,0.34,0.47,0.91,0.46,0.23,0.38,5.37
1,136,0.21,M,0.52,0.65,0.96,0.2,0.45,0.37,0.83,0.51,0.08,0.36,4.93
12,137,0.55,M,0.63,0.06,0.44,0.48,0.7,0.09,0.24,0.8,0.95,0.82,5.21
7,111,0.95,M,0.01,0.98,0.97,0.84,0.82,0.01,0.08,0.94,0.07,0.11,4.83
2,119,0.61,F,0.24,0.88,0.01,0.3,0.09,0.4,0.26,0.97,0.19,0.2,3.54
7,106,0.6,M,0.74,0.62,0.34,0.16,0.32,0.66,0.76,0.79,0.27,0.48,5.14
8,140,0.76,M,0.06,0.1,0.37,0.48,0.66,0.66,0.92,0.21,0.98,0.74,5.18
12,127,0.32,M,0.52,0.67,0.5,0.31,0.24,0.32,0.81,0.53,0.76,0.77,5.43
4,132,0.71,M,0.47,0.08,0.91,0.81,0.54,0.93,0.48,0.94,0.18,0.82,6.16
11,116,0.08,F,0.29,0.83,0.8,0.76,0.11,0.98,0.02,0.37,0.04,0.35,4.55
5,113,0.65,F,0.65,0.13,0.9,0.18,0.9,0.7,0.43,0.26,0.27,0.71,5.13
13,112,0.95,F,0.09,0.08,0.09,0.4,0.99,0.9,0.4,0.89,0.87,0.94,5.65
13,102,0.1,M,0.89,0.74,0.8,0.11,0.79,0.56,0.9,0.49,0.94,0.41,6.63
9,101,0.17,F,0.54,0.47,0.31,0.67,0.1,0.61,0.76,0.7,0.84,0.8,5.8
11,107,0.22,M,0.92,0.23,0.74,0.02,0.7,0.51,0.51,0.56,0.84,0.88,5.91
7,107,0.75,M,0.44,0.39,0.79,0.25,0.57,0.1,0.3,0.65,0.5,0.85,4.84
9,120,0.91,F,0.72,0.92,0.88,0.8,0.59,0.63,0.69,0.59,0.74,0.66,7.22
5,140,0.88,M,0.06,0.79,0.74,0.6,0.81,0.07,0.51,0.27,0.22,0.86,4.93
7,103,0.92,F,0.55,0.34,0.77,0.88,0.99,0.96,0.53,0.79,0.65,0.54,7
2,106,0.31,M,0.1,0.38,0.97,0.7,0.43,0.55,0.88,0.02,0.23,0.95,5.21
10,136,0.65,F,0.12,0.75,0.69,0.05,0.32,0.43,0.07,0.77,0.3,0.43,3.93
8,102,0.14,M,0.05,0.35,0.7,0.68,0.03,0.49,0.24,0.84,0.79,0.15,4.32
8,132,0.13,M,0.76,0.96,0.46,0.06,0.02,0.65,0.46,0.03,0.64,0.97,5.01
8,103,0.91,M,0.19,0.91,0.93,0.35,0.59,0.31,0.48,0.16,0.71,0.31,4.94
5,111,0.25,M,0.88,0.17,0.6,0.52,0.07,0,0.53,0.46,0.38,0.52,4.13
8,139,0.27,F,0,0.89,0.07,0.21,0.47,0.17,0.8,0.25,0.26,0.35,3.47
8,118,0.98,F,0.9,0.4,0.53,0.28,0.26,0.53,0.55,0.28,0.12,0.49,4.34
6,135,0.75,M,0.61,0.44,0.48,0.11,0.35,0.76,0.08,0.48,0.99,0.14,4.44
10,129,0.63,M,0.49,0.61,0.75,0.71,0.9,0.16,0.46,0.88,0.78,0.74,6.48
3,140,0.5,F,0.42,0.6,0.28,0.82,0.17,0.99,0.34,0.97,0.68,0.28,5.55
6,100,0.46,M,0.27,0.1,0.57,0.08,0.59,0.64,0.28,0.17,0.07,0.44,3.21
5,104,0.37,M,0.67,0.49,0.6,0.88,0.52,0.49,0.01,0.62,0.91,0.84,6.03
10,109,0.67,F,0.9,0.43,0.82,0.7,0.91,0.15,0.63,0.74,0.71,0.18,6.17
8,112,0.64,F,0.48,0.03,0.33,0.59,0.33,0.17,0.4,0.48,0.32,0.74,3.87
13,132,0.77,M,0.87,0.85,0.64,0.61,0.64,0.18,0.21,0.39,0.93,0.85,6.17
2,128,0.32,F,0.25,0.05,0.2,1,0.73,0.27,0.32,0.39,0.9,0.71,4.82
12,134,0.31,M,0,0.49,0.2,0.52,0.88,0.51,0.47,0.95,0.92,0.19,5.13
10,112,0.43,F,0.38,0.03,0.35,0.37,0.19,0.67,0.14,0.21,0.1,0.06,2.5
5,120,0.44,F,0.26,0.36,0.33,0.73,0.11,0.97,0.25,0.71,0.59,1,5.31
7,109,0.99,F,0.07,0.73,0.32,0.68,0.85,0.28,0.29,0.66,0.34,0.28,4.5
9,110,0.99,M,0.99,0.76,0.04,0.77,0.42,0.5,0.28,0.34,0.65,0.92,5.67
1,110,0.98,F,0.09,0.01,0.05,0.63,0.52,0.34,0.43,0.11,0.91,0.42,3.51
5,121,0.03,M,0.72,0.98,0.08,0.29,0.03,0.17,0.04,0.21,0.55,0.32,3.39
12,119,0.12,F,0.06,0.82,0.67,0.22,0.84,0.82,0.87,0.45,0.31,0.23,5.29
1,131,0.61,F,0.93,0.94,0.12,0.45,0.23,0.74,0.82,0.81,0.18,0.41,5.63
13,113,0.62,M,0.11,0.05,0.09,0.12,0.05,0.62,0.72,0.38,0.12,0.72,2.98
13,125,0.28,F,0.21,1,0.27,0.19,0.34,0.44,0.39,0.01,0.37,0.99,4.21
7,127,0.83,M,0.27,0.18,0.73,0.45,0.18,0.44,0.15,0.46,0.86,0.6,4.32
11,126,0.18,M,0.22,0.81,0.51,0.53,0.03,0.8,0.56,0.87,0.07,0.89,5.29
8,127,0.21,F,0.72,0.36,0.47,0.64,0.58,0.34,0.87,0.13,0.53,0.52,5.16
5,129,0.21,F,0.43,0.86,0.46,1,0.59,0.69,0.59,0.61,0.07,0.49,5.79
6,105,0.96,M,0.21,0.01,0.23,0.79,0.77,0.28,0.56,0.77,0.08,0.31,4.01
8,139,0.26,F,0.05,0.13,0.49,0.95,0.27,0.12,0.19,0.72,0.27,0.86,4.05
8,133,0.02,F,0.17,0.04,0.12,0.94,0.54,0.47,0.76,0.18,0.72,0.95,4.89
7,138,0.93,F,0.44,0.07,0.27,0.53,0.35,0.02,0.41,0.11,0.33,0.25,2.78
6,131,0.44,M,0.43,0.69,0.73,0.46,0.23,0.37,0.63,0.22,0.4,0.14,4.3
11,118,0.82,M,0.71,0.76,0.55,0.73,0.57,0.5,0.65,0.2,0.97,0.98,6.62
10,125,0.45,F,0.12,0.56,0.69,0.26,0.56,0.18,0.45,0.16,0.03,0.62,3.63
13,134,0.34,M,0.18,0.66,0.1,0.83,0.47,0.49,0.77,0.43,0.69,0.08,4.7
12,138,0.97,M,0.11,0.61,0.77,0.81,0.22,0.34,0.67,0.15,0.14,0.27,4.09
2,114,0.87,F,0.67,0.49,0.21,0.41,0.61,0.56,0.37,0.45,0.5,0.17,4.44
13,105,0.7,M,0.11,0.88,0.86,0.6,0.92,0.2,0.24,0.64,0.22,0.4,5.07
1,135,0.14,M,0.16,0.85,0.36,0.32,0.94,0.9,0.27,0.94,0.64,0.63,6.01
13,109,0.95,F,0.34,0.62,0.4,0.56,0.73,0.65,0.28,0.92,0.05,0.58,5.13
9,105,0.79,M,0.93,0.24,0.3,0.91,0.66,0.2,0.32,0.91,0.95,0.03,5.45
1,139,0.05,F,0.62,0.69,0.78,0.7,0.7,0.76,0.15,0.41,0.55,0.06,5.42
6,124,0.62,M,0.3,0.84,0.63,0.24,0.42,0.86,0.28,0.65,0.11,0.58,4.91
3,140,0.15,M,0.27,0.5,0.6,0.4,0.41,0.56,0.18,0.74,0.67,0.47,4.8
8,108,0.66,M,0.8,1,0.06,0.41,0.33,0.05,0.89,0.63,0.25,0.93,5.35
5,139,0.63,F,0.99,0.08,0.09,0.35,0.73,0.95,0.93,0.47,0.92,0.41,5.92
5,123,0.36,F,0.65,0.85,0.43,0.65,0.92,0.82,0.23,0.28,0.15,0.26,5.24
6,114,0.23,M,0.87,0.72,0.36,0.82,0.67,0.66,0.38,0.29,0.35,0.52,5.64
13,121,0.86,F,0.99,0.5,0.57,0.7,0.37,0.41,0.71,0.23,0.87,0.55,5.9
13,115,0.04,M,0.52,0.05,0.39,0.3,0.01,0.71,0.62,0.19,0.31,0.66,3.76
1,122,0.07,F,0.78,0.01,0.15,0.8,0.84,0.88,0.92,0.23,0.22,0.13,4.96
5,109,0.4,F,0.61,0.83,0.07,0.71,0.55,0.82,0.04,0.32,0.82,0.7,5.47
3,115,0.76,M,0.67,0.62,0.04,0.3,0.9,0.44,0.06,0.43,0.16,0.29,3.91
4,106,0.28,M,0.1,0.56,0.4,0.27,0.46,0.32,0.85,0.47,0.94,0.29,4.66
12,134,0.67,M,0.99,0.07,0.25,0.48,0.09,0.53,0.98,0.91,0.76,0.29,5.35
2,140,0.27,M,0.67,0.7,0.27,0.44,0.83,0.44,0.02,0.65,0.43,0.45,4.9
5,120,0.82,M,0.58,0.39,0.26,0.38,0.1,0.6,0.27,0.28,0.48,0.45,3.79
9,101,0.11,M,0.16,0.93,0.41,0.01,0.86,0.17,0.83,0.68,0.1,0.39,4.54
13,133,0.13,M,0.44,0.33,0.71,0.52,0.75,0.56,0.47,0.05,0.79,0.16,4.78
2,101,0.43,M,0.02,0.18,0.72,0.89,0.42,0.1,0.87,0.43,0.52,0.23,4.38
6,137,0.1,F,0.67,0.68,0.14,0.04,0.67,0.98,0.09,0.17,0.55,0.48,4.47
5,109,0.17,M,0.3,0.39,0.04,0.95,0.92,0.73,0.26,0.53,0.39,0.71,5.22
4,113,0.23,F,0.26,0.91,0.96,0.27,0.09,0.68,0.58,0.24,0.86,0.98,5.83
5,112,0.51,F,0.54,0.38,0.39,0.52,0.89,0.92,0.42,0.26,0.28,0.86,5.46
2,117,0.55,F,0.31,0.58,0.99,0.38,0.41,0.03,0,0.92,0.08,0.36,4.06
4,128,0.6,M,0.62,1,0.83,0.93,0.57,0.63,0.66,0.58,0.33,0.2,6.35
5,118,0.05,F,0.17,0.29,0.81,0.31,0.26,0.46,0.56,0.96,0.45,0.63,4.9
9,117,0.4,F,0.17,0.12,0.87,0.41,0.47,0.11,0.23,0.12,0.38,0.51,3.39
6,135,0.21,M,0.74,0.58,0.44,0.74,0.61,0.12,0.23,0.52,0.38,0.27,4.63
12,124,0.64,M,0.33,0.89,0.38,0.55,0.48,0.26,0.33,0.46,0.45,0.78,4.91
6,128,0.08,F,0.88,0.71,0.25,0.19,1,0.59,0.68,0.69,0.76,0.52,6.27
8,117,0.76,M,0.72,0.27,0.35,0.3,0.05,0,0.46,0.91,0.65,0.54,4.25
1,103,0.94,M,0.63,0.33,0.36,0.79,0.39,0.11,0.27,0.41,0.37,0.13,3.79
8,120,0.34,M,0.21,0.36,0.02,0.67,0.28,0.97,0.29,0.46,0.88,0.14,4.28
4,101,0.58,M,0.84,0.36,0.82,0.83,0.4,0.76,0.01,0.08,0.45,0.53,5.08
5,129,0.59,M,0.57,1,0.04,0.45,0.36,0.42,0.45,0.77,0.65,0.23,4.94
6,126,0.61,M,0.61,0.91,0.94,0.93,0.01,0.08,0.91,0.21,0.97,0.48,6.05
11,117,0.02,M,0.42,0.63,0.29,0.35,0.22,0.68,0,0.01,0.47,0.92,3.99
4,108,0.34,M,0.25,0.81,0.52,0.9,0.95,0.59,0.09,0.2,0.32,0.71,5.34
12,131,0.04,M,0.16,0.56,0.36,0.65,0.45,0.35,0.34,0.01,0.25,0.57,3.7
5,135,0.75,M,0.5,0.97,0.05,0.45,0.64,0.66,0.97,0.31,0.73,0.4,5.68
8,138,0.27,M,0.95,0.01,0.24,0.11,0.7,0.97,0.33,0.63,0.53,1,5.47
4,124,0.4,M,0.86,0.35,0.96,0.12,0.03,0.9,0.32,0.12,0.97,0.55,5.18
13,122,0.62,F,0.86,0.51,0.75,0.47,0.22,0.11,0.04,0.04,0.24,0.88,4.12
10,129,0.2,M,0.38,0.35,0.61,0.5,0.08,0.93,0.84,0.22,0.44,0.29,4.64
4,113,0.58,M,0.83,0.43,0.97,0.78,0.78,0.53,0.5,0.57,0.78,0.57,6.74
4,101,0.52,F,0.99,0.06,0.87,0.44,0.38,0.62,0.47,0.11,0.72,0.18,4.84
1,132,0.09,M,0.9,0.27,0.97,0.82,0.16,0.82,0.77,0.2,0.4,0.22,5.53
10,116,0.76,M,0.66,0.79,0.43,0.63,0.9,0.87,0.18,0.07,0.01,0.77,5.31
3,111,0.82,F,0.88,0.44,0.27,0.2,0.65,0.5,0.33,0.58,0.04,0.81,4.7
4,101,0.98,M,0.02,0.06,0.41,0.05,0.59,0.14,0.8,0.39,0.46,0.13,3.05
3,101,0.56,M,0.89,0.45,0.6,0.76,0.14,0.32,0.29,0.32,0.11,0.15,4.03
1,108,0.14,F,0.39,0.15,0.65,0.6,0.37,0.83,0.22,0.9,0.71,0.18,5
5,127,0.63,F,0.04,1,0.38,0.59,0.23,0.41,0.07,0.01,0.05,0.92,3.7
10,127,0.79,M,0.85,0.74,0.08,0.88,0.07,0.19,0.86,0.07,0.22,0.41,4.37
3,133,0.71,F,0.33,0.94,0.8,0.31,0.99,0.45,0.37,0.87,0.04,0.19,5.29
10,122,0.1,F,0.62,0.23,0.57,0.39,0.22,0.28,0.21,0.44,0.8,0.3,4.06
2,116,0.6,F,0.04,0.98,1,0.96,0.93,0.13,0.68,0.95,0.52,0.32,6.51
9,109,0.14,F,0.6,0.8,0.6,0.53,0.9,0.33,0.54,0.99,0.01,0.83,6.13
12,117,0.74,M,0.39,0.82,0.29,0.63,0.85,0.15,0.14,0.88,0.04,0.79,4.98
2,113,0.42,F,0.33,0.63,0.09,0.17,0.86,0.63,0.09,0.78,0.4,0.74,4.72
13,101,0.5,F,0.44,0.85,0.34,0.53,0.92,0.88,0.39,0.33,0.91,0.12,5.71
12,126,0.75,M,0.96,0.13,0.77,0.82,0.72,0.64,0.48,0.72,0.15,0.37,5.76
10,133,0.8,F,0.87,0.15,0.3,0.5,0.7,0.94,0.25,0.93,0.47,0.02,5.13
5,136,0.02,M,0.11,0.48,0.04,0.2,0.27,0.08,0.39,0.56,0.75,0.3,3.18
4,128,0.71,M,0.63,0.7,0.88,0.16,0.95,0.92,0.55,0.36,0.67,0.14,5.96
7,102,0.05,M,0.17,0.29,0.72,0.41,0.15,0.19,0.83,0.87,0.14,0.54,4.31
3,110,0.41,M,0.64,0.4,0.52,0.89,0.7,0.94,0.8,0.07,0.22,0.88,6.06
13,138,0.9,M,0.05,0.14,0.81,0.39,0.67,0.27,0.33,0.54,0.3,0.26,3.76
3,101,0.37,F,0.36,0.37,0.41,0.56,0.5,0.91,0,0.72,0.59,0.82,5.24
12,116,0.08,F,0.85,0.9,0.57,0.83,0.05,0.42,0.92,0.48,0.11,0.88,6.01
13,106,0.57,F,0.32,0.47,0.08,0.43,0.14,0.96,0.16,0.35,0.61,0.24,3.76
4,113,0.54,F,0.57,0.17,0.76,0.99,0.22,0.57,0.16,0.21,0.52,0.82,4.99
12,135,0.11,F,0.18,0.37,0.89,0.01,0.54,0.77,0.25,0.08,0.54,0.7,4.33
5,121,0.55,M,0.9,0.23,0.1,0.2,0.37,0.68,0.38,0.64,0.43,0.87,4.8
12,139,0.73,M,0.3,0,0.87,0.55,0.68,0.41,0.94,0.46,0.4,0.47,5.08
12,137,0.19,F,0.23,0.54,0.41,0.44,0.27,0.8,0.78,0.56,0.66,0.3,4.99
11,135,0.5,F,0.42,0.96,0.82,0.09,0.35,0.27,0.58,0.61,0.79,0.48,5.37
13,124,0.96,F,0.18,0.48,0.71,0.1,0.02,0.59,0.99,0.02,0.83,0.52,4.44
1,139,0.71,F,0.62,0.68,0.12,0.52,0.9,0.64,0.49,0.96,0,0.83,5.76
6,102,0.63,M,0.36,0.75,0.81,0.91,0.11,0.58,0.94,0.82,0.9,0.15,6.33
12,118,0.3,M,0.13,0.55,0.41,0.1,0.12,0.93,0.18,0.2,0.08,0.22,2.92
13,136,0.92,F,0.73,0.89,0.52,0.53,0.78,0.85,0.05,0.71,0.24,0.72,6.02
5,100,0.5,F,0.52,0.85,0.02,0.87,0.81,0.45,0.33,0.87,0.89,0.36,5.97
10,118,0.62,M,0.81,0.52,0.47,0.58,0.41,0.14,0.63,0.04,0.07,0.86,4.53
5,139,0.88,M,0.47,0.63,0.95,0.75,0.32,1,0.92,0.32,0.71,0.25,6.32
7,139,0.19,F,0.02,0.11,0.01,0.96,0.13,0.14,0.57,0.11,0.51,0.03,2.59
11,111,0.68,M,0.89,0.32,0.33,0.76,0.52,0.9,0.83,0.21,0.66,0.12,5.54
11,134,0.57,M,0.92,0.07,0.47,0.74,0.83,0.19,0.78,0.74,0.89,0.9,6.53
4,108,0.48,F,0.42,0.07,0.14,0.37,0.13,0.24,0.61,0.66,0.25,0.81,3.7
9,134,0.91,M,0.28,0.68,0.6,0.97,0.76,0.39,0.25,0.69,0.13,0.16,4.91
5,128,0.34,M,0.37,0.78,0.47,0.01,0.45,0.8,0.26,0.08,0.07,0.79,4.08
7,105,0.59,F,0.67,0.85,0.01,0.65,0.91,0.92,0.06,0.91,0.19,0.6,5.77
7,116,0.9,F,0.03,0.07,0.77,0.95,0.32,0.28,0.55,0.67,0.98,0.44,5.06
7,100,0.43,F,0.69,0.52,0.89,0.89,0.79,0.83,0.68,0.17,0.55,0.99,7
1,118,0.62,F,0.16,0.31,0.74,1,0.17,0.91,0.2,0.73,0.23,0.58,5.03
7,140,0.3,M,0.84,0.53,0.53,0.01,0.13,0.8,0.71,0.01,0.08,0.96,4.6
8,131,0.49,M,0.61,0.28,0.51,0.77,0.97,0.8,0.39,0.16,0.77,0.2,5.46
2,111,0.29,M,0.07,0.44,0.97,0.95,0.2,0.26,0.43,0.02,0.91,0.54,4.79
7,133,0.68,M,0.34,0.4,0.74,0.58,0.91,0.36,0.17,0.64,0.56,0.29,4.99
11,108,0.28,M,0.63,0.72,0.77,0.8,0.43,0.43,0.52,0.94,0.58,0.02,5.84
8,135,0.46,M,0.84,0.84,0.89,0.5,0.5,0.25,0.41,0.1,0.42,0.53,5.28
8,101,0.05,F,0.35,0.86,0.73,0.66,0.44,0.92,0.49,0.32,0.33,0.66,5.76
5,138,0.51,F,0.62,0.8,0.3,0.06,0.14,0.89,0.2,0.93,0.41,0.14,4.49
10,106,0.55,M,0.73,0.5,0.88,0.72,0.03,0.6,0.15,0.37,0.46,0.73,5.17
3,111,0.52,F,0.64,0.1,0.92,0.13,0.92,0.67,0.16,0.83,0.82,0.47,5.66
12,139,0.51,F,0.94,0.98,0.58,0.35,0.48,0.15,0.21,0.75,0.8,0.45,5.69
10,137,0.07,M,0.02,0.61,0.57,0.74,0.83,0.25,0.06,0.19,0.9,0.36,4.53
4,127,0.6,M,0.48,0.1,0.79,0.12,0,0.19,0.63,0.13,0.69,0.85,3.98
7,114,0.31,M,0.01,0.78,0.55,0.5,0.95,0.68,0.37,0.81,0.13,0.28,5.06
9,130,0.85,M,0.62,0.33,0.58,0.92,0.1,0.53,0.41,0.41,0.51,0.96,5.37
3,140,0.32,F,0.64,0.6,0.55,0.33,0.92,0.32,0.85,0.23,0.29,0.58,5.31
10,103,0.33,F,0.26,0.16,0.17,0.9,0.39,0.15,0.37,0.28,0.81,0.38,3.87
7,131,0.54,F,0.6,0.87,0.76,0.61,0.85,0.44,0.02,0.84,0.23,0.4,5.62
13,108,0.81,F,0.28,0.73,0.65,0.02,0.24,0.73,0.25,0.67,0.46,0.25,4.28
3,106,0.02,F,0.98,0.94,0.53,0.65,0.21,0.81,0.78,0.95,0.72,0.59,7.16
4,115,0.85,F,0.27,0.93,0.21,0.7,0.32,0.64,0.17,0.21,0.59,0.75,4.79
12,131,0.33,M,0.93,0.01,0.73,0.08,0.58,0.27,0.37,0.56,0.55,0.32,4.4
1,107,0.43,F,0.88,0.56,0.98,0.73,0.32,0.53,0.84,0.07,0.87,0.59,6.37
5,125,0.3,M,0.42,0.71,0.64,0.96,0.81,0.51,0.43,0.46,0.89,0.89,6.72
2,133,0.05,F,0.71,0.57,0.04,0.54,0.35,0.9,0.19,0.75,0.49,0.19,4.73
4,111,0.18,M,0.49,0.18,0.95,0.14,0.91,0.11,0.35,0.49,0.16,0.97,4.75
8,136,0.27,F,0.37,0.48,0.51,0.83,0.65,0.11,0.32,0.21,0.03,0.75,4.26
7,133,0.97,M,0.28,0.2,0.74,0.36,0.63,0.46,0.49,0.06,0.05,0.87,4.14
6,132,0.79,M,0.96,0.52,0.06,0.57,0.89,0.46,0.37,0.56,0.72,0.83,5.94
8,125,0.5,F,0.01,0.37,0.17,0.17,0.82,0.5,0.48,0.2,0.17,0.22,3.11
5,108,0.4,F,0.94,0.02,0.02,0.98,0.25,0.4,0.81,0.05,0.01,0.32,3.8
6,100,0.54,F,0.47,0.78,0.5,0.67,0.71,0.54,0.65,0.11,0.39,0.24,5.06
8,114,0.47,M,0.2,0.85,0.18,0.95,0.45,0.62,0.75,0.98,0.12,0.25,5.35
10,119,0.32,M,0.26,0.74,0.96,0.51,0.54,0.68,0.77,0.12,0.7,0.41,5.69
13,103,0.5,F,0.88,0.04,0.48,0.89,0.33,0.39,0.16,0.3,0.27,0.31,4.05
4,119,0.98,M,0.37,0.78,0.9,0.18,0.73,0.5,0.66,0.07,0.98,0.44,5.61
9,108,0.01,F,0.02,0.51,0.31,0.98,0.88,0.35,0.98,0.14,0.11,0.53,4.81
11,124,0.52,M,0.64,0.95,0.12,0.9,0.33,0.27,0.11,0.43,0.16,0.64,4.55
3,133,0.07,M,0.36,1,0.37,0.1,0.45,0.26,0.89,0.38,0.97,0.23,5.01
9,139,0.03,F,0.81,0.97,0.61,0.56,0.87,0.79,0.6,0.96,0.24,0.29,6.7
8,122,0.88,M,0.02,0.37,0.46,0.94,0.97,0.64,0.17,0,0.2,0.19,3.96
5,126,0.17,M,0.43,0.41,0.01,0.65,0.25,0.36,0.77,0.21,0.65,0.14,3.88
13,135,0.8,M,0.46,0.32,0.84,0.23,0.67,0.88,0.37,0.59,0.89,0.61,5.86
7,103,0.65,M,0.93,0.97,0.24,0.16,0.17,0.2,0.06,0.62,0.12,0.58,4.05
11,125,0.72,F,0.76,0.29,0.88,0.22,0.24,0.41,0.64,0.7,0.57,0.91,5.62
12,107,0.21,M,0.16,0.8,0.48,0.77,0.82,0.04,0.78,0.37,0.02,0.01,4.25
3,128,0.13,F,0.03,0.38,0.98,0.81,0.36,0.54,0.22,0.22,0.48,0.58,4.6
7,129,0.93,F,0.29,0.31,0.52,0.88,0.62,0.51,0.67,0.11,0.59,0.45,4.95
5,137,0.96,F,0.74,0.18,0.61,0.84,0.54,0.78,0.67,0.1,0.63,0.02,5.11
10,119,0.9,M,0.22,0.38,0.55,0.78,0.49,0.17,0.37,0.08,0.25,0.3,3.59
4,127,0.76,F,0.38,0.84,0.12,0.26,0.09,0.49,0.32,0.88,0.06,0.74,4.18
1,118,0.33,M,0.87,0.61,0.68,0.25,0.32,0.43,0.73,0.11,0.64,0.46,5.1
4,100,0.33,F,0.72,0.95,0.91,0.48,0.32,0.55,0.08,0.09,0.2,0.06,4.36
1,104,0.24,F,0.72,0.78,0.26,0.55,0.06,0.67,0.22,0.84,0.74,0.68,5.52
5,104,0.12,F,0.83,0.37,0.09,0.9,0.27,0.11,0.34,0.19,0.99,0.59,4.68
9,115,0.71,M,0.31,0.67,0.07,0.69,0.01,0.36,0.8,0.66,0.61,0.44,4.62
5,113,0.39,M,0.56,0.9,0.65,0.78,0.78,0.57,0.1,0.23,0.91,0.24,5.72
4,116,0.08,F,0.26,0.39,0.06,0.25,0.57,0.9,0.19,0.89,0.52,0.49,4.52
8,113,0.15,F,0.47,0.48,0.36,0.09,0.05,0.62,0.71,0.68,0.07,0.63,4.16
6,109,0.42,M,0.77,0.74,0.15,0.98,0.88,0.62,0.9,0.73,0.92,0.39,7.08
3,136,0.56,M,0.13,0.2,0.61,0.62,0.87,0.02,0.37,0.34,0.2,0.24,3.6
6,115,0.64,F,0.91,0.47,0.3,0.15,0.14,0.45,0.23,0.48,0.95,0.99,5.07
6,125,0.28,M,0.77,0.43,0.16,0.77,0.05,0.24,0.2,0.33,0.16,0.42,3.53
8,111,0.87,F,0.49,0.59,0.73,0.32,0.3,0.21,0.67,0.7,0.62,0.19,4.82
1,137,0.03,M,0.24,0.79,0.87,0.72,0.06,0.03,0.08,0.03,0.97,0.62,4.41
1,140,0.39,M,0.92,0.18,0.08,0.52,0.13,0.38,0.8,0.16,0.78,0.89,4.84
11,101,0.7,M,0,0.65,0.02,0.94,0.04,0.78,0.44,0.29,0.37,0.91,4.44
7,101,0.22,M,0.48,0.14,0.43,0.73,0.86,0.41,0.31,0.52,0.99,0.81,5.68
7,133,0.22,M,0.28,0.78,0.82,0.78,0.75,0.51,0.2,0.22,0.19,0.91,5.44
10,109,0.11,M,0.82,0.35,0.05,0.86,0.71,0.38,0.05,0.59,0.52,0.73,5.06
1,139,0.54,F,0.51,0.59,0.79,0.74,0.25,0.29,0.98,0.95,0.85,0.9,6.85
4,113,0.54,F,0.72,0.54,0.02,0.35,0.8,0.28,0.19,0.17,0.44,0.46,3.97
6,122,0.07,M,0.74,0.39,0.21,0.63,0.34,0.17,0.91,0.6,0.09,0.29,4.37
9,138,0.86,F,0.42,0.48,0.32,0.57,0.07,0.88,0.36,0.82,0.34,0.94,5.2
13,112,0.47,F,0.82,0.33,0.75,0.81,0.37,0.38,0.95,0.21,0.62,0.77,6.01
5,120,0.84,F,0.81,0.74,0.33,0.32,0.67,0.32,0.94,0.92,0.45,0.27,5.77
8,120,0.68,M,0.36,0.88,0.79,0.7,0.46,0.93,0.93,0.38,0.74,0.16,6.33
3,113,0.42,F,0.34,0.22,0.3,0.64,0.35,0.46,0.39,0.56,0.27,0.45,3.98
5,139,0.91,M,0.59,0.05,0.96,0.62,0.11,0.79,0.37,0.59,0.78,0.95,5.81
11,128,0.97,M,0.62,0.7,0.62,0.8,0.06,0.59,0.15,0.55,0.75,0.64,5.48
8,135,0.94,M,0.19,0.38,0.95,0.49,0.85,0.85,0.02,0.19,0.13,0.53,4.58
12,136,0.54,F,0.01,0.62,0.82,0.15,0.04,0.76,0.89,0.08,0.16,0.57,4.1
8,139,0.27,M,0.89,0.13,0.51,0.5,0.34,0.04,0.27,0.57,0.83,0.56,4.64
1,123,0.97,F,0.09,0.05,0.83,0.39,0.42,0.2,0.74,0.18,0.16,0.44,3.5
8,114,0.02,F,0.33,0.98,0.95,0.32,0.75,0.67,0.39,0.01,0.53,0.36,5.29
12,108,0.11,F,1,0.17,1,0.82,0.66,0.76,0.69,0.72,0.4,0.48,6.7
11,135,0.26,F,1,0.47,0.54,0.28,0.25,0.85,0.65,0.27,0.43,0.49,5.23
13,105,0.14,F,0.55,0.56,0.65,0.55,0.96,0.09,0.52,0.68,0.48,0.85,5.89
9,122,0.75,M,0.77,0.91,0.23,0.06,0.42,0.41,0.18,0.07,0.78,0.52,4.35
10,130,0.26,M,0.3,0.13,0.62,0.18,0.71,0.06,0.97,0.81,0.04,0.16,3.98
12,123,0.73,F,0.07,0.52,0.8,0.34,0.63,0.8,0.8,0.77,0.61,0.1,5.44
7,100,0.82,F,0.07,0.06,0.92,0.72,0.04,0.32,0.48,0.04,0.97,0.16,3.78
11,105,0.63,M,0.61,0.54,0.61,0.91,0.19,0.38,0.49,0.73,0.72,0.31,5.49
7,134,0.61,M,0.47,0.14,0.18,0.94,0.11,0.23,0.17,0.65,0.68,0.49,4.06
7,110,0.7,F,0.84,0.82,0.44,0.11,0.05,0.76,0.99,0.71,0.52,0.13,5.37
4,140,0.54,F,0.43,0.76,0.4,0.33,0.4,0.08,0.72,0.99,0.55,0.49,5.15
11,139,0.03,F,0.68,0.61,0.78,0.66,0.55,0.31,0.63,0.67,0.93,0.98,6.8
11,111,0.28,M,0.26,0.24,0.89,0.65,0.45,0.7,0.23,0.21,0.85,0.47,4.95
3,116,0.86,F,0.78,0.28,0.01,0.8,0.3,0.38,0.87,0.25,0.81,0.95,5.43
9,121,0.66,F,0.85,0.52,0.33,0.17,0.15,0.71,0.56,0.68,0.9,0.95,5.82
2,126,1,F,0.13,0.8,0.15,0.19,0.3,0.53,0.46,0.79,0.88,0.25,4.48
12,109,0.66,M,0.22,0.4,0.37,0.44,0.22,0.44,0.85,0.93,0.02,0.44,4.33
7,126,0.33,M,0.85,0.88,0.68,0.76,0.26,0.09,0.06,0.77,0.73,0.52,5.6
6,101,0.95,M,0.47,0.72,0.53,0.53,0.09,0.15,0.64,0.81,0.48,0.88,5.3
6,132,0.79,M,0.52,0.56,0.36,0.12,0.28,0.66,0.41,0.28,0.33,0.3,3.82
13,139,0.66,M,0.06,0.78,0.2,0.87,0.97,0.67,0.25,0.93,0.26,0.63,5.62
2,112,0.39,M,0.26,0.06,0.05,0.5,0.95,0.36,0.02,0.33,0.06,0.9,3.49
2,125,0.3,M,0.11,0.5,0.92,0.73,0.08,0.73,0.74,0.3,0.39,0.06,4.56
5,131,0.64,M,0.88,0.54,0.36,0.56,0.74,0.46,0.85,0.53,0.32,0.99,6.23
10,121,0.03,F,0.91,0.37,0.65,0.75,0.54,0.84,0.35,0.96,0.71,0.24,6.32
8,134,0.16,F,0.96,0.67,0.07,0.98,0.89,0.17,0.13,0.7,0.93,0.08,5.58
12,116,0.36,M,0.24,0.67,0.37,0.89,0.66,0.14,0.67,0.87,0.95,0.79,6.25
12,100,0.81,M,0.07,0.79,0.03,0.37,0.13,0.44,0.55,0.59,0.07,0.93,3.97
6,106,0.91,M,0.79,0.21,0.03,0.77,0.53,0.59,0.12,0.83,0.71,0.97,5.55
4,108,0.25,M,0.95,0.44,0.63,0.77,0.27,0.16,0.1,0.02,0.97,0.76,5.07
9,111,0.61,F,0.02,0.76,0.88,0.17,0.7,0.4,0.97,0.79,0.56,0.86,6.11
7,126,0.03,F,0.62,0.63,0.25,0.2,0.95,0.51,0.14,0.27,0.06,0.82,4.45
10,107,0.6,M,0.33,0.76,0.45,0.89,0.65,0.4,0.93,0.5,0.71,0.23,5.85
13,105,0.66,M,0.64,0.52,0.3,0.56,0.75,0.79,0.47,0.63,0.06,0.14,4.86
7,134,0.71,M,0.8,0.78,0.25,0.85,0.54,0.5,0.54,0.09,0.96,0.97,6.28
4,129,0.49,M,0.85,0.79,0.63,0.31,0.26,0.52,0.56,0.51,0.43,0.17,5.03
7,134,0.1,M,0.88,0.91,0.36,0.12,0.82,0.35,0.3,0.32,0.27,0.66,4.99
12,139,0.43,F,0.59,0.8,0.98,0.13,0.45,0.24,0.49,0.83,0.06,0.6,5.17
13,105,0.62,M,0.72,0.99,0.65,0.64,0.39,0.59,0.46,0.31,0.16,0.87,5.78
11,116,0.67,F,0.54,0.81,0.21,0.91,0.73,0.4,0.82,0.18,0.21,0.26,5.07
8,105,0.58,F,0.93,0.77,0.22,0.74,0.98,0.1,0.82,0.09,0.31,0.96,5.92
8,135,0.31,M,0.96,0.38,0.49,0.92,0.46,0.22,0.34,0.13,0.54,0.28,4.72
8,106,0.23,M,0.86,0.31,0.82,0.05,0.93,0.26,0.74,0.2,0.27,0.1,4.54
8,115,0.39,M,0.56,0.64,0.97,0.13,0.04,0.88,0.47,0.34,0.72,0.72,5.47
12,126,0.96,M,0.58,0.52,0.37,0.73,0.35,0.28,0.39,0.84,0.1,0.73,4.89
7,116,0.41,M,0.58,0.8,0.73,0.07,0.12,0.56,0.4,0.66,0.89,0.33,5.14
9,127,0.09,M,0.31,0.83,0.42,0.06,0.51,0.29,0.3,0.97,0.95,0.26,4.9
11,138,0.66,F,0.54,0.55,0.36,0.05,0.46,0.27,0.07,0.58,0.23,0.85,3.96
5,134,0.08,M,0.86,0.87,0.86,0.95,0.71,0.52,0.6,0.41,0.97,0.66,7.41
13,116,0.47,M,0.3,0.17,0.29,0.88,0.19,0.38,0.87,0.94,0.47,0.04,4.53
13,107,0.16,F,0.5,0.32,0.73,0.92,0.63,0.14,0.2,0.8,0.8,0.99,6.03
3,116,0.4,M,0.74,0.61,0.58,0.91,0.52,0.34,0.4,0.22,0.28,0.65,5.25
6,134,0.63,F,0.21,0.37,0.37,0.49,0.59,0.15,0.3,0.63,0.55,0.69,4.35
6,108,0.01,M,0.08,0.7,0.34,0.44,0.22,0.25,0.99,0.19,0.69,0.06,3.96
7,105,0.74,M,0.5,0.31,0.37,0.19,0.06,0.73,0.38,0.49,0.14,0.63,3.8
11,128,0.53,M,0.35,0.41,0.35,0.79,0.42,0.04,0.78,0.99,0.92,0.95,6
1,140,0.16,M,0.74,0.77,0.33,0.78,0.24,0.72,0.52,0.36,0.66,0.61,5.73
7,117,0.31,M,0.67,0.4,0.52,0.11,0.23,0.83,0.01,0.06,0.41,0.49,3.73
3,135,0.75,F,0.43,0.39,0.5,0.56,0.79,0.43,0.2,0.64,0.26,0.72,4.92
11,115,0.96,M,0.58,0.84,0.78,0.57,0.42,0.35,0.38,0.2,0.01,0.41,4.54
11,137,0.92,F,0.49,0.34,0.12,0.28,0.9,0.87,0.5,0.32,0.96,0.66,5.44
10,130,0.6,M,0.71,0.18,0.36,0.05,0.52,0.78,0.9,0.43,0.26,0.72,4.91
9,133,0.79,M,0.83,0.81,0.49,0.38,0.07,0.43,0.05,0.76,0.85,0.6,5.27
9,122,1,F,0.25,0.05,0.33,0.39,0.99,0.41,0.99,0,0.6,0.4,4.41
8,102,0.98,F,0.3,0.54,0.03,0.78,0.66,0.55,0.81,0.43,0.65,0.03,4.78
7,120,0.95,M,0.8,0.94,0.54,0.04,0.85,0.59,0.91,0.66,0.61,0.18,6.12
13,130,0.31,F,0.04,0.9,1,0.08,0.54,0.49,0.39,0.25,0.56,0,4.25
10,140,0.22,M,0.32,0.71,0.25,0.44,0.17,0.22,0.32,0.38,0.69,0.46,3.96
4,133,0.29,F,0.46,0.03,0.36,0.1,0.75,0.19,0.59,0.85,0.29,0.38,4
1,103,1,F,0.6,0.8,0.43,0.56,0.1,0.54,0.64,0.65,0.73,0.11,5.16
13,140,0.66,F,0.92,0.14,0.6,0.78,0.23,0.54,0.71,0.13,0.75,0.72,5.52
13,132,0.03,M,0.86,0.49,0.72,0.83,0.44,0.98,0.03,0.8,0.06,0.4,5.61
13,129,0.6,M,0.1,0.07,0.51,0.03,0.73,0.86,0.59,0.35,0.75,0.5,4.49
6,113,0.71,M,0.98,0.21,0.18,0.6,0.98,0.12,0.09,0.72,0.81,0.09,4.78
5,109,0.95,M,0.34,0.69,0.91,0.89,0.86,0.86,0.68,0.97,0.95,0.91,8.06
9,123,0.86,M,0.13,0.16,0.83,0.21,0.1,0.45,0.63,0.45,0.78,0.02,3.76
10,131,0.43,F,0.29,0.95,0.81,0.62,0.47,0.37,0.92,0.2,0.03,0.59,5.25
2,108,0.07,M,0.77,0.36,0.62,1,0.44,0.4,0.49,0.71,0,0.06,4.85
8,138,0.07,M,0.14,0.39,0.3,0.33,1,0.99,0.31,0.62,0.66,0.31,5.05
3,102,0.77,M,0.17,0.04,0.77,0.26,0.17,0.04,0.01,0.99,0.03,0.98,3.46
12,116,0.55,F,0.26,0.56,0.12,0.65,0.23,0.14,0.55,0.11,0.99,0.82,4.43
6,129,0.2,M,0.85,0.23,0.89,0.43,0.21,0.48,0.18,0.97,0.3,0.68,5.22
9,120,0.2,M,0.54,0.68,0.3,0.5,0.78,0.65,0.22,0.87,0.4,0.68,5.62
12,101,0.37,F,0.95,0.75,0.53,0.68,0.91,0.85,0.73,0.18,0.9,0.81,7.29
13,126,0.32,F,0.69,0.87,0.43,0.24,0.45,0.01,0.8,0.56,0.73,0.57,5.35
10,120,0.87,F,0.66,0.44,0.4,0.88,0.67,0.03,0.55,0.71,0.89,0.5,5.73
1,104,0.86,F,0.42,0.47,0.12,0.22,0.45,0.74,0.98,0.15,0.76,0.34,4.65
12,122,0.74,M,0.7,0.23,0.8,0.9,0.98,0.57,0.73,0.24,0.04,0.55,5.74
3,129,0.09,F,0.84,0.68,0.29,0.46,0.56,0.13,0.02,0.71,0.26,0.06,4.01
4,100,0.69,F,0.33,0.55,0.8,0.3,0.79,0.78,0.22,0.27,0.13,0.16,4.33
12,139,0.74,F,0.32,0.43,0.83,0.2,0.02,0.43,0.46,0.13,0.75,0.23,3.8
12,138,0.93,F,0.14,0.7,0.05,0.01,0.97,0.38,0.05,0.94,0.3,0.88,4.42
5,138,0.62,M,0.69,0.89,0.61,0.16,0.45,0.03,0.3,0.04,0.95,0.46,4.58
12,115,0.22,M,0.59,0.83,0.96,0.6,0.26,0.96,0.71,0.96,0.77,0.43,7.07
11,121,0.91,F,0.74,0.79,0.66,0.84,0.31,0.22,0.42,0.53,0.89,0.89,6.29
8,107,0.51,F,0.01,0.49,0.89,0.51,0.73,0.98,0.15,0.37,0.21,0.29,4.63
5,109,0.15,M,0.76,0.87,0.62,0.03,0.65,0.24,0.04,0.03,0.06,0.82,4.12
2,138,0.5,F,0.3,0.84,0.09,0.51,0.05,0.97,0.12,0.37,0.67,0.56,4.48
2,101,0.81,M,0.6,0.76,0.59,0.92,0.81,0.87,0.3,0.84,0.17,0.55,6.41
12,102,0.28,F,0.33,0.52,0.26,0.43,0.75,0.62,0.47,0.1,0.04,0.96,4.48
5,133,0.78,F,0.83,0.69,0.35,0.87,0.81,0,0.99,0.6,0.33,0.54,6.01
5,115,0.87,F,0.37,0.49,0.6,0.34,0.05,0.77,0.7,0.42,0.13,0.8,4.67
8,124,0.37,F,0.8,0.02,0.33,0.05,0.55,0.6,0.76,0.52,0.05,0.23,3.91
7,120,0.17,F,0.56,0.64,0.86,0.91,0.75,0.55,0.26,0.09,0.36,0.52,5.5
4,124,0.44,M,0.09,0.3,0.81,0.62,0.53,0.77,0.58,0.94,0.91,0.03,5.58
11,108,0.56,F,0.54,0.31,0.48,0.57,0.69,0.15,0.41,0.15,0.05,0.36,3.71
7,137,0.52,F,0.82,0.68,0.9,0.07,0.95,0.11,0.67,0.84,0.02,0.48,5.54
10,127,0.24,M,0.41,0.76,0.98,0.28,0.13,0.87,0.96,0.79,0.94,0.63,6.75
10,132,0.13,F,0.64,0.69,0.1,0.34,0.07,0.7,0.07,0.32,0.8,0.16,3.89
8,103,0.41,F,0.35,0.16,0.92,0.77,0.95,0.85,0.83,0.15,0.86,0.99,6.83
8,128,0.11,M,0.39,0.93,0.28,0.28,0.94,0.62,0.34,0.76,0.99,0.88,6.41
12,128,0.78,M,0.4,0.8,0.55,0.24,0.18,0.49,0.86,0.16,0.64,0.97,5.29
1,121,0.01,M,0,0.09,0.87,0.23,0.09,0.66,0.48,0.05,0.82,0.22,3.51
2,133,0.48,M,0.33,0.99,0.78,0.16,0.23,0.06,0.97,0.54,0.2,0.99,5.25
4,133,0.95,M,0.79,0.98,0.96,0.03,0.99,0.57,0.1,0.75,0.19,0.28,5.64
13,112,0.98,M,0.64,0.98,0.24,0.41,0.4,0.7,0.25,0.96,0.12,0.28,4.98
2,130,0.72,M,0.22,0.7,0.47,0.82,0.25,0.92,0.53,0,0.82,0.35,5.08
5,126,0.54,F,0.47,0.57,0.16,0.04,0.21,0.88,0.31,0.34,0.56,0.5,4.04
12,126,0.43,M,0.49,0.28,0.69,0.18,0.41,0.17,0.34,0.21,0.65,0.05,3.47
9,127,0.81,F,0.12,0.53,0.14,0.92,0.49,0.02,0.25,0.71,0.68,0.3,4.16
10,103,0.48,F,0.88,0.91,0.59,0.03,0.84,0.61,0.64,0.47,0.19,0.92,6.08
12,116,0.19,F,0.47,0.02,0.92,0.09,0.92,0.28,0.82,0.43,0.54,0.62,5.11
2,135,0.96,M,0.87,0.46,0.03,0.13,0.19,0.44,0.11,0.05,0.91,0.1,3.29
1,106,0.2,F,0.2,0.89,0.8,0.22,0.06,0.75,0.48,0.63,0.9,0.85,5.78
13,110,0.67,M,0.39,0.14,0.61,0.92,0.08,0.18,0.3,0.86,0.32,0.72,4.52
12,137,0.16,M,0.69,0.96,0.98,0.4,0.93,0.69,0.26,0.61,0.93,0.6,7.05
4,108,0.32,F,0.97,0.19,0.21,0.9,0.44,0.53,0.66,0.76,0.94,0.05,5.65
8,135,0.42,M,0.67,0.04,0.85,0.02,0.22,0.59,0.52,0.94,0.01,0.17,4.03
10,135,0.56,F,0.88,0.59,0.66,0.85,0.7,0.75,0.42,0.78,0.86,0.81,7.3
11,137,0.18,F,0.75,0.51,0.18,0.1,0.68,0.11,0.6,0.92,0.2,0.46,4.51
13,132,0.05,F,0.96,0.46,0.56,0.44,0.94,0.43,0.1,0.55,0.77,0.03,5.24
1,125,0.8,M,0.64,0.31,0.76,0.6,0.36,0.16,0.07,0.74,0.85,0.38,4.87
13,122,0.3,M,0.4,0.23,0.55,0.61,0.63,0.6,0.52,0.06,0.69,0.73,5.02
2,110,0.5,M,0.25,0.53,0.07,0.01,0.29,0.23,0.51,0.19,0.14,0.81,3.03
8,110,0.44,M,0.97,0.37,0.9,0.61,0.9,0.29,0.87,0.89,0.09,0.3,6.19
3,105,0.99,F,0.49,0.32,0.68,0.5,0.45,0.86,0.34,0.96,0.84,0.85,6.29
8,113,0.92,F,0.7,0.29,0.35,0.06,0.76,0.38,0.52,0.71,0.32,0.78,4.87
8,114,0.38,F,0.41,0.75,0.45,0.7,0.37,0.77,0.23,0.18,0.66,0.97,5.49
12,136,0.53,F,0.81,0.1,0.09,0.94,0.73,0.55,0.6,0.99,0.59,0.17,5.57
10,128,0.4,M,0.38,0.27,0.47,0.8,0.95,0.57,0.93,0.52,0.18,0.54,5.61
9,106,0.91,F,0.36,0.41,0.59,0.01,0.53,0.47,0.04,0.02,0.68,0.66,3.77
8,135,0.98,F,0.65,0.65,0.67,0.75,0.05,0.91,0.78,0.71,0.16,0.89,6.22
1,130,0.87,F,0.51,0.3,0.27,0.36,0.32,0.64,0.52,0.23,0.39,0.87,4.41
11,123,0.73,M,0.96,0.14,0.61,0.6,0.05,0.43,0.8,0.76,0.83,0.77,5.95
9,134,0.77,M,0.27,0.51,0.45,0.24,0.72,0.98,0.58,0.41,0.94,0.76,5.86
1,110,0.38,F,0.15,0.59,0.83,0.24,0.12,0.71,0.88,0.71,0.72,0.99,5.94
7,120,0.91,F,0.79,0.82,0.05,0.16,0.43,0.94,0.69,0.05,0.81,0.82,5.56
13,105,0.08,F,0.37,0.69,0.57,0.3,0.6,0.64,0.54,0.51,0.44,0.83,5.49
7,120,0.54,M,0.42,0.31,0.31,0.94,0.86,0.74,0.96,0.19,0.23,0.55,5.51
7,122,0.04,M,0.53,0.47,0.03,0.57,0.43,0.85,0.96,0.31,0.63,0.38,5.16
7,131,0.4,M,0.7,0.65,0.06,0.33,0.78,0.4,0.96,0.04,0.41,0.9,5.23
6,105,0.4,M,0.78,0.94,0.43,0.28,1,0.86,0.45,0.08,0.03,0.09,4.94
11,112,0.07,F,0.49,0.19,0.76,0.11,0.42,0.19,0.1,0.67,0.12,0.37,3.42
3,130,0.7,M,0.81,0.81,0.5,0.35,0.39,0.68,0.97,0.97,0.52,0.33,6.33
1,128,0.2,M,0.39,0.5,0.38,0.15,0.78,0.95,0.26,0.53,0.93,0.48,5.35
3,103,0.88,F,0.13,0.78,0.77,0.91,0.84,0.77,0.57,0.01,0.93,0.84,6.55
11,100,0.82,F,0.58,0.32,0.65,0.42,0.65,0.53,0.16,0.73,0.8,0.46,5.3
6,127,0.18,M,0.58,0.37,0.27,0.8,0.39,0.63,0.32,0.18,0.53,0.62,4.69
10,137,0.2,M,0.09,0.76,0.52,0.27,0.79,0.19,0.48,0.83,0.62,0.2,4.75
2,111,0.58,F,0.56,0.07,0.4,0.52,0.52,0.74,0.78,0.3,0.91,0.58,5.38
5,107,0.62,F,0.72,0.1,0.99,0.67,0.88,0.12,0.89,0.69,0.35,0.97,6.38
3,114,0.16,F,0.64,0.23,0.12,0.71,0.46,0.71,0.93,0.37,0.04,0.71,4.92
3,126,0.19,M,0.86,0.15,0.85,0.51,0.19,1,0.43,0.22,0.25,0.37,4.83
7,118,0.14,M,0.44,0.71,0.42,0.93,0.06,0.3,0.72,0.83,0.79,0.68,5.88
13,120,0.57,F,0.97,0.27,0.26,0.18,0.31,0.8,0.56,0.63,0.57,0.94,5.49
1,119,0.47,M,0.96,0.75,0.29,0.11,0.96,0.28,0.42,0.39,0.56,0.55,5.27
9,112,0.87,M,0.8,0.63,0.36,0.7,0.89,0.48,0.95,0.05,0.11,0.96,5.93
12,119,0.48,F,0.57,0.3,0.18,0.87,0.5,0.8,0.9,0.25,0.21,0.03,4.61
3,126,0.69,F,0.34,0.35,0.98,0.37,0.11,0.7,0.85,0.3,0.72,0.78,5.5
10,122,0.56,M,0.73,0.48,0.45,0.58,0.53,0.18,0.54,0.12,0.76,0.39,4.76
9,135,0.29,M,0.52,0.51,0.79,0.6,0.37,0.37,0.68,0.48,0.28,0.21,4.81
4,136,0.19,F,0.41,0.55,0.79,0.03,0.91,0.08,0.87,0.8,0.86,0.95,6.25
3,126,0.07,M,0.22,0.59,0.57,0.11,0.19,0.02,0.69,0.6,0.93,0.35,4.27
4,117,0.8,F,0.85,0.36,0.39,0.68,0.82,0.32,0.04,0.09,0.65,0.85,5.05
7,116,0.96,F,0.49,0.25,0.69,0.18,0.84,0.59,0.61,0.24,0.02,0.36,4.27
7,138,0.72,M,0.81,0.06,0.27,0.51,0.62,0.66,0.88,0.54,0.61,0.77,5.73
6,116,0.58,M,0.97,0.65,0.27,0.99,0.23,0.45,0.02,0.04,0.18,0.91,4.71
6,113,0.83,M,0.18,0.08,0.06,0.11,0.09,0.74,0.85,0.85,0.46,0.43,3.85
11,102,0.66,M,0.71,0.98,0.13,0.33,0.49,0.61,0.99,0.16,0.23,0.54,5.17
9,130,0.72,M,0.97,0.81,0.78,0.6,0.35,0.27,0.22,0.48,0.15,0.96,5.59
1,112,0.1,M,0.7,0.42,0.83,0.33,0.81,0.31,0.36,0.74,0.87,0.45,5.82
6,117,0.56,M,0.66,0.55,0.42,0.79,0.87,0.11,0.07,0.58,0.73,0.09,4.87
9,124,0.43,M,0.82,0.15,0.51,0.63,0.11,0.67,0.65,0.65,0.52,0.57,5.28
7,102,0.2,M,0.85,0.07,0.81,1,0.93,0.94,0.01,0.22,0.62,0.92,6.37
11,110,0.98,M,0.74,0.76,0.1,0.38,0.84,0.82,0.37,0.31,0.09,0.81,5.22
4,102,0.45,F,0.79,0.2,0.48,0.7,0.17,0.35,0.12,0.42,0.85,0.96,5.04
1,114,0.75,F,0.1,0.18,0.3,0.46,0.24,0.37,0.41,0.69,0.38,0.42,3.55
6,121,0.79,M,0.85,0.48,0.6,0.57,0.73,0.03,0.68,0.81,0.85,0.45,6.05
3,132,0.54,M,0.25,0.04,0.53,0.64,0.75,0.04,0.15,0.7,0.64,0.67,4.41
6,104,0.14,M,0.27,0.87,0.52,0.75,0.02,0.88,0.69,0.46,0.33,0.24,5.03
9,124,0.52,F,0.89,1,0.72,0.52,0.88,0.78,0.56,0.93,0.66,0.95,7.89
5,123,0.32,M,0.55,0.4,0.82,0.07,0.89,0.99,0.79,0.7,0.24,0,5.45
8,103,0.58,F,0.06,0.26,0.16,0.23,0.45,0.13,0.05,0.1,0.56,0.47,2.47
2,109,0.38,M,0.84,0.06,0.59,0.14,0.95,0.99,0.32,0.3,0.32,0.67,5.18
7,104,0.77,F,0.54,0.98,0.69,0.44,0.14,0.04,0.85,0.61,0.06,0.29,4.64
10,117,0.09,F,0.84,0.36,0.66,0.53,0.75,0.05,0.16,0.27,0.28,0.47,4.37
9,131,0.96,F,0.61,0.48,0.39,0.04,0.99,0.09,0.14,0.8,0.67,0.57,4.78
10,125,0.66,F,0.2,0.67,0.77,0.66,0,0.17,0.38,0.86,0.34,0.98,5.03
13,100,0.21,F,0.73,0.72,0.84,0.31,0.91,0.26,0.07,0.19,0.65,0.73,5.41
6,138,0.24,F,0.96,0.74,0.61,0.79,0.43,0.49,0.51,0.1,0.13,0.01,4.77
8,139,0.29,M,0.56,0.79,0.08,0.63,0.94,0.94,0.25,0.26,0.95,0.83,6.23
13,102,0.68,M,0.68,0.51,0.11,0.16,0.36,0.82,0.7,0.51,0.48,0.19,4.52
3,128,0.85,M,0.51,0.71,0.9,0.69,0.07,0.17,0.11,0.32,0.77,0.17,4.42
12,110,0.3,M,0.77,0.15,0.45,0.5,0.21,0.7,0.26,0.4,0.24,0.75,4.43
5,130,0.96,M,0.61,0.85,0.63,0.4,0.51,0.54,0.36,0.26,0.21,0.15,4.52
12,138,0.98,M,0.8,0.06,0.95,0.21,0.1,0.07,0.92,0.42,0.82,0.55,4.9
10,120,0.48,M,0.52,0.42,0.97,0.68,0.09,0.2,0.5,0.45,0.38,0.55,4.76
6,110,0.93,F,0.61,0.07,0.35,0.35,0.8,0.81,0.72,0.98,0.53,0.35,5.57
13,124,0.86,F,0.43,0.51,0.78,0.46,0.42,0.49,0.54,0.98,0.7,0.05,5.36
6,121,0.4,M,0.14,0.44,0.38,0.1,0.46,0.36,0.02,0.54,0.45,0.1,2.99
1,125,0.17,M,0.65,0.87,0.57,0.88,0.05,0.6,0.24,0.84,0.85,0.73,6.28
2,136,0.39,M,0.36,0.89,0.5,0.64,0.91,0.11,0.56,0.84,0.08,0.15,5.04
11,106,0.03,F,0.35,0.47,0.89,0.5,0.77,0.62,0.16,0.91,0.14,0.31,5.12
3,126,0.59,M,0.5,0.31,0.03,0.35,0.89,0.66,0.05,0.41,0.92,0.71,4.83
2,132,0.38,F,0.15,0.82,0.51,0.01,0.58,0.82,0.71,0.88,0.44,0.86,5.78
6,128,0.85,M,0.76,0.15,0.51,0.33,0.29,0.36,0.69,0.45,0.17,0.1,3.81
13,133,0.35,F,0.15,0.13,0.84,0.45,0.08,0.03,0.54,0.41,0.12,0.59,3.34
6,116,0.58,F,0.62,0.18,0.22,0.93,0.64,0.76,0.86,0.51,0.2,0.46,5.38
7,103,0.8,F,0.42,0.62,0.23,0,0.49,0.34,0.51,0.53,0.19,0.31,3.64
11,126,0.16,M,1,0.35,0.98,0.8,0.3,0.18,0.06,0.44,0.14,0.73,4.98
8,128,0.61,M,0.38,0.43,0.97,0.76,0.17,0.2,0.07,0.87,0.21,0.9,4.96
4,117,0.55,F,0.21,0.58,0,0.87,0.75,0.74,0.38,0.85,0.14,0.41,4.93
1,101,0.52,M,0.21,0.29,0.38,0.48,0.16,0.41,0.56,0.8,0.8,0.05,4.14
7,103,0.86,F,0.94,0.32,0.39,0.01,0.43,0.21,0.04,0.86,0.78,0.14,4.12
5,108,0.76,M,0.58,0.74,0.72,0.52,0.75,0.47,0.62,0.12,0.44,0.6,5.56
4,138,0.49,F,0.74,0.84,0.65,0.92,0.21,0.63,0.51,0.97,0.68,0.83,6.98
8,133,0.02,M,0.05,0.93,0.77,0.92,0.8,0.58,0.27,0.13,0.37,0.69,5.51
1,123,0.3,M,0.19,0.65,0.63,0.56,0.15,0.97,0.11,0.12,0.78,0.42,4.58
10,118,0.4,M,0.63,0.6,0.04,0.03,0.57,0.34,0.6,0.31,0.88,0.47,4.47
8,106,0.54,M,0.65,0.71,0.35,0.22,0.8,0.48,0.78,0.14,0.28,0.53,4.94
10,114,0.68,M,0.02,0.3,0.25,0.67,0.36,0.27,0.71,0.61,0.69,0.81,4.69
12,113,0.28,M,0,0.24,0.24,0.02,0.55,0.87,0.64,0.2,0.45,0.72,3.93
4,103,0.41,M,0.83,0.65,0.64,0.21,0.29,0.9,0.76,0.29,0.05,0.09,4.71
4,134,0.49,M,0.8,0.54,0.63,0.59,0.17,0.36,0.17,0.64,0.79,0.95,5.64
1,135,0.28,M,0.1,0.98,0.76,0.53,0.67,0.26,0.39,0.35,0.49,0.22,4.75
3,103,0.26,F,0.66,0.63,0.9,0.69,0.21,0.55,0.04,0.11,0.07,0.11,3.97
13,127,0.6,F,0.06,0.88,0.82,0.69,0.23,0.33,0.66,0.65,0.81,0.3,5.43
11,137,0.36,F,0.05,0.7,0.26,0.62,0.64,0.8,0.46,0.02,0.76,0.42,4.73
12,106,0.58,F,0.81,0.24,0.81,0.93,0.37,0.84,0.55,0.12,0.27,0.22,5.16
1,101,0.08,F,0.19,0.71,0.46,0.69,0.91,0.59,0.35,0.93,0.02,0.94,5.79
11,111,0.92,M,0.45,0.56,0.78,0.57,0.07,0.7,0.46,0.73,0.39,0.05,4.76
4,113,0.63,F,0,0.23,0.39,0.48,0.11,0.79,0.68,0.69,0.63,0.69,4.69
12,111,0.2,M,0.26,0.03,0.15,0.97,0.48,0.33,0.02,0.26,0.18,0.54,3.22
2,136,0.1,M,0.55,0.32,0.54,0.26,0.45,0.62,0.36,0.28,0.28,0.98,4.64
4,100,0.17,M,0.74,0.29,0.71,0.71,0.86,0.25,0.51,0.17,0.05,0.22,4.51
12,122,0.3,M,0.02,0.19,0.23,0.69,0.73,0.88,0.22,0.63,0.96,0.19,4.74
4,114,0.68,M,0.03,0.51,0.7,0.03,0.7,0.17,0.04,0.39,0.91,0.25,3.73
4,123,0.72,F,0.55,0.23,0.03,0.15,0.91,0.69,0.1,0.13,0.55,0.89,4.23
8,117,0.97,F,0.78,0.7,0.69,0.08,0.53,0.43,0.19,0.51,0.79,0.76,5.46
5,138,0.93,M,0.37,0.75,0.81,0.44,0.85,0.06,0.91,0.82,0.18,0.24,5.43
10,109,0.02,F,0.63,0.48,0.58,0.31,0.11,0.49,0.47,0.16,0.88,0.13,4.24
7,113,0.12,F,0.6,0.7,0.25,0.06,0.38,0.37,0.74,0.29,0.06,0.53,3.98
8,108,0.89,M,0.19,0.58,0.63,0.27,0.4,0.65,0.28,0.7,0.45,0.71,4.86
11,121,0.28,M,0.65,0.12,0.39,0.01,0.78,0.3,0.04,0.39,0.99,0.31,3.98
2,111,0.7,F,0.44,0.34,0.64,0.3,0.2,0.01,0.69,0.66,0.55,0.32,4.15
4,112,0.78,M,0.55,0.26,0.36,0.82,0.15,0.89,0.22,0.47,0.55,0.54,4.81
9,101,0.23,M,0.28,0.17,0.68,0.05,0.37,0.45,0.27,0.13,1,0.74,4.14
8,105,0.74,F,0.97,0.86,0.02,0.76,0.67,0.03,0.49,0.95,0.3,0.89,5.94
9,122,0.2,M,0.32,0.59,0.22,0.88,0.39,0.19,0.51,0.19,0.04,0.25,3.58
10,131,0.73,M,0.3,0.56,0.83,0.14,0.21,0.63,0.19,0.74,0.46,0.18,4.24
7,128,0.74,M,0.59,0.07,0.83,0.84,0.39,0.14,0.49,0.16,0.06,0.94,4.51
4,108,0.92,M,0.32,0.88,0.17,0.44,0.47,0.99,0.82,0.31,0.94,0.91,6.25
3,113,0.88,M,0.31,0.1,0.5,0.37,0.02,0.56,0.56,0.64,0.06,0.31,3.43
11,103,0.31,M,0.84,0.32,0.62,0.62,0.2,0.87,0.65,0.79,0.9,0.7,6.51
10,105,0.9,M,0.39,0.05,0.36,0.42,0.5,0.22,0.39,0.87,0.72,0.61,4.53
7,123,0.33,F,0.2,0.7,0.17,0.04,0.44,0.37,0.69,0.59,0.64,0.15,3.99
13,125,0.76,M,0.57,0.15,0.55,0.97,0.31,1,1,0.67,0.95,0.71,6.88
12,139,0.67,M,0.63,0.77,0.47,0.87,0.01,0.68,0.86,0.09,0.29,0.22,4.89
11,109,0.62,F,0.97,0.31,0.97,0.85,0.04,0.34,0.65,0.1,0.51,0.14,4.88
11,119,0.66,M,0.52,0.84,0.16,0.57,0.17,0.01,0.34,0.65,0.66,0.83,4.75
6,118,0.14,M,0.41,0.6,0.73,0.73,0.13,0.49,0.78,0.27,0.5,0.97,5.61
7,106,0.18,F,0.44,0.38,0.2,0.48,0.53,0.14,0.18,0.25,0.44,0.18,3.22
9,119,0.23,F,0.06,0.19,0.28,0.53,0.98,0.42,0.73,0.7,0.52,0.61,5.02
8,137,0.05,M,0.84,0.89,0.06,0.42,0.63,0.85,0.44,0.28,0.14,0.15,4.7
4,110,0.76,M,0.16,0.8,0.17,0.84,0.31,0.74,0.5,0.08,0.96,0.34,4.9
6,113,0.14,F,0.78,0.53,0.51,0.66,0.17,0.97,0.39,0.52,0.13,0.98,5.64
2,108,0.28,F,1,0.94,0.84,0.63,0.24,0.07,0.09,0.78,0.31,0.62,5.52
7,131,0.36,F,0.26,0.86,0.52,0.92,0.38,0.27,0.12,0.34,0.03,0.24,3.94
12,125,0.76,M,0.04,0.77,0.38,0.1,0.7,0.58,0.39,0.05,0.73,0.58,4.32
6,130,0.92,F,0.12,0.92,0.49,0.96,0.18,0.73,0.43,0.93,0.8,0.97,6.53
12,104,0.58,F,0.77,0.4,0.69,0.75,0.01,0.33,0.67,0.25,0.84,0.27,4.98
7,100,0.57,M,0.74,0.78,0.17,0.57,0.71,0.08,0.97,0.01,0.54,0.22,4.79
7,104,0.56,M,0.31,0.47,0.7,0.23,0.59,0.43,0.54,0.05,0.23,0.68,4.23
2,133,0.32,M,0.68,0.81,0.23,0.6,0.99,0.13,0.41,0.37,0.06,0.53,4.81
12,108,0.04,M,0.7,0.18,0.23,0.15,0.06,0.21,0.12,0.62,0.38,0.94,3.59
7,135,0.87,M,0.89,0.57,0.4,0.75,0.51,0.95,0.34,0.79,0.49,0.15,5.84
12,118,0.33,F,0.37,0.08,0.05,0.58,0.72,0.68,0.44,0.53,0.38,0.68,4.51
13,110,0.46,F,0.04,0.61,0.58,0.21,0.97,0.47,0.8,0.8,0.6,0.59,5.67
13,140,0.55,F,0.91,0.84,0.2,0.49,0.3,0.71,0.28,0.03,0.33,0.67,4.76
3,123,0.17,F,0.34,0.28,0.63,0.51,0.93,0.29,0.32,0.71,0.24,0.73,4.98
5,107,0.3,F,0.7,0.94,0.77,0.33,0.56,0.58,0.17,0.06,0.45,0.3,4.86
8,120,0.77,M,0.15,0.44,0.71,0.62,0.81,0.28,1,0.42,0.51,0.54,5.48
13,118,0.42,M,0.5,0.76,0.39,0.49,0.55,0.57,0.19,0.7,0.31,0.25,4.71
10,124,0.79,F,0.88,0.63,0.54,0.41,0.06,0.15,0.84,0.94,0.77,0.3,5.52
5,108,0.01,F,0.15,0.76,0.26,0.38,0.67,0.64,0.02,0.15,0.39,0.12,3.54
1,117,0.74,F,0.8,0.63,0.08,0.53,0.71,0.83,0.64,0.31,0.72,0.82,6.07
6,134,0.12,F,0.94,0.89,0.95,0.46,0.8,0.67,0.37,0.52,0,0.03,5.63
8,112,0.91,F,0.22,0.73,0.13,0.46,0.13,0.04,0.11,0.21,0.53,0.8,3.36
2,137,0.62,M,0.21,0.64,0.49,0.96,0.67,0.11,0.76,0.23,0.23,0.58,4.88
1,139,0.75,F,0.18,0.54,0.22,0.95,0.3,0.77,0.72,0.22,0.68,0.34,4.92
11,137,0.36,F,0.05,0.18,0.29,0.85,0.38,0.64,0.6,0.41,0.21,0.02,3.63
11,118,0.52,M,0.78,0.4,0.38,0.72,0.96,0.43,0.62,0.8,0.65,0.65,6.39
3,131,0.18,F,0.95,0.75,0.58,0.97,0.51,0.37,0.94,0.01,0.36,0.11,5.55
4,117,0.06,F,0.99,0.08,1,0.9,0.43,0.78,0.58,0.83,0.43,0.07,6.09
9,109,0.29,F,0.14,0.19,0.53,0.78,0.04,0.11,0.18,0.04,0.8,0.31,3.12
5,134,0.79,F,0.14,0.66,0.37,0.63,0.24,0.33,0.2,0.55,0.92,0.08,4.12
11,100,0.13,M,0.39,0.83,0.83,0.19,0.79,0.53,0.97,0.9,0.15,0.12,5.7
2,128,0.09,F,0.3,0.21,0.03,0.06,0.89,0.85,0.67,0.19,0.27,0.99,4.46
2,108,0.36,F,0.69,0.73,0.34,0.84,0.68,0.41,0.77,0.5,0.81,0.18,5.95
6,124,0.18,F,0.34,0.23,0.25,0.99,0.92,0.43,0.12,0.29,0.29,0.41,4.27
11,106,0.83,M,0.96,0.85,0.58,0.14,0.16,0.48,0.87,0.01,0.8,0.17,5.02
11,133,0.6,M,0.04,0.5,0.95,0.79,0.55,0.52,0.77,0.53,0.74,0.08,5.47
3,117,0.78,F,0.7,0.48,0.38,0.14,0.02,0.3,0.99,0.71,0.8,0.12,4.64
11,119,0.97,F,0.18,0.99,0.6,0.67,0.82,0.33,0.38,0.9,0.49,0.82,6.18
3,124,0.32,M,0.03,0.8,0.59,0.38,0.52,0.97,0.58,0.09,0.58,0.57,5.11
7,115,0.53,F,0.97,0.27,0.76,0.73,0.57,0.28,0.56,0.73,0.82,0.66,6.35
6,125,0.49,F,0.07,0.6,0.6,0.99,0.8,0.37,0.41,0.58,0.97,0.46,5.85
1,127,0.91,M,0.24,0.23,0.22,0.67,0.31,0.24,0.99,0.82,0.34,0.95,5.01
13,136,0.73,M,0.7,0.42,0.24,0.21,0.84,0.81,0.07,0.95,0.24,0.59,5.07
2,138,0.08,M,0.8,0.31,0.45,0.78,0.05,0.56,0.03,0.28,0.7,0.92,4.88
10,103,0.76,M,0.06,0.19,0.31,0.55,0.85,0.33,0.89,0.91,0.07,0.05,4.21
3,127,0.89,F,0.13,0.8,0.43,0.49,0.46,0.75,0.91,0.87,0.53,0.89,6.26
12,132,0.72,F,0.96,0.29,0.77,0.73,0.52,0.46,0.04,0.24,0.17,0.34,4.52
2,138,0.93,M,0.16,0.42,0.54,0.27,0.16,0.92,0.15,0.03,0.46,0.42,3.53
5,100,0.85,F,0.91,0.98,0.4,0.99,0.47,0.68,0.37,0.78,0.65,0.98,7.21
10,112,0.05,F,0.38,0.52,0.16,0.87,0.38,0.16,0.46,0.31,0.88,0.44,4.56
11,124,0.24,F,0.09,0.41,0.3,0.36,0.27,0.22,0.16,0.09,0.99,0.78,3.67
12,140,0.07,M,0.85,0.83,0.28,0.88,0.1,0.23,0.61,0.71,0.52,0.24,5.25
5,127,0.07,F,0.93,0.04,0.38,0.09,0.5,0.1,0.98,0.35,0.99,0.16,4.52
2,128,0.78,M,0.82,0.58,0.35,0.68,0.79,0.22,0.26,0.02,0.85,0.06,4.63
6,103,0.77,F,0.29,0.58,0.39,0.52,0.61,0.1,0.38,0.93,0.69,0.49,4.98
3,109,0.66,F,0.51,0.4,0.71,0.43,0.65,0.67,0.7,0.01,0.32,0.11,4.51
4,130,0.66,F,0.77,0.3,0.65,0.07,0.75,0.62,0.45,0.13,0,0.82,4.56
5,106,0.49,F,0.79,0.64,0.28,0.92,0.6,0.79,0.39,0.54,0.88,0.22,6.05
1,108,0.7,M,0.76,0.34,0.34,0.51,0.49,0.32,0.51,0.42,0.56,0.58,4.83
10,140,0,M,0.67,0.04,0.82,0.21,0.91,0.53,0.54,0.26,0.6,0.76,5.34
12,119,0.48,M,0.48,0.54,0.46,0.22,0.69,0.27,0.33,0.61,0.29,0.54,4.43
13,110,0.05,F,0.19,0.17,0.15,0.79,0.19,0.42,0.17,0.76,0.71,0.29,3.84
5,134,0.19,M,0.31,0.26,0.89,0.12,0.64,0.08,0.6,0.37,0.85,0.81,4.93
6,116,0.5,M,0.37,0.91,0.3,0.37,0.06,0.44,0.92,0.77,0.76,0.35,5.25
7,117,0.09,M,0.71,0.08,0.76,0.47,0.89,0.85,0.09,0.62,0.85,0.14,5.46
2,112,0.15,M,0.79,0.3,0.78,0.5,0.45,0.3,0.15,0.23,0.13,0.17,3.8
13,101,0.55,M,0.46,0.72,0.43,0.97,0.65,0.27,0.52,0.12,0.77,0.46,5.37
4,136,0.69,M,0.81,0.28,0.5,0.05,0.29,0.86,0.51,0.54,0.13,0.83,4.8
2,115,0.28,M,0.13,0.32,0.27,0.32,0.74,0.67,0.83,0.6,0.17,0.53,4.58
12,105,0.25,F,0.21,0.51,0.75,0.7,0.63,0.52,0.16,0.2,0.97,0.04,4.69
3,112,0.53,M,0.44,0.39,0.56,0.55,0.04,0.3,0.78,0.88,0.86,0.1,4.9
13,115,0.82,M,0.82,0.74,0.71,0.81,0.57,0.08,0.35,0.34,0.89,0.28,5.59
2,100,0.49,F,0.13,0.03,0.36,0.3,0.38,0.79,0.08,0.82,0.1,0.46,3.45
11,118,0.94,F,0.41,0.13,0.71,0.41,0.89,0.98,0.07,0.36,0.94,0.69,5.59
13,119,0.11,M,0.23,0.16,0.26,0.01,0.47,0.92,0.02,0.46,0.93,0.42,3.88
6,137,0.95,M,0.62,0.99,0.61,0.58,0.43,0.89,0.92,0.44,0.35,0.19,6.02
1,110,0.59,F,0.16,0.37,0.82,0.05,0.1,0.58,0.7,0.99,0.68,0.02,4.47
7,140,0.69,M,0.95,0.72,0.36,0.72,0.46,0.8,0.68,0.27,0.1,0.28,5.34
6,134,0.48,F,0.14,0.86,0.01,0.61,0.84,0.36,0.31,0.76,0.75,0,4.64
12,120,0.38,F,0.06,0.98,0.95,0.92,0.99,0.64,0.33,0.25,0.22,0.06,5.4
3,113,0.52,M,0.83,0.44,0.78,0.27,0.56,0.05,0.01,0.67,0.04,0.85,4.5
10,134,0.8,F,0.63,0.19,0.92,0.21,0.05,0.65,0.14,0.28,0.36,0.32,3.75
12,137,0.63,M,0.57,0.65,0.64,0.3,0.16,0.03,0.35,0.2,0.2,0.18,3.28
9,137,0.48,M,0.37,0.42,0.34,0.66,0.04,0.06,0.14,0.21,0.63,0.51,3.38
11,127,0.19,M,0.79,0.06,0.83,0.03,0.33,0.63,0.85,0.96,0.5,0.39,5.37
5,127,0.7,M,0.01,0.15,0.43,0.16,0.34,0.37,0.64,0.37,0.08,0.17,2.72
12,104,0.03,M,0.31,0.82,0.97,0.77,0.46,0.9,0.11,0.37,0.97,0.15,5.83
10,131,0.51,F,0.06,0.84,0.91,0.79,0.01,0.01,0.67,0.57,0.06,0.99,4.91
6,125,0.36,F,0.2,0.37,0.71,0.01,0.65,0.65,0.16,0.66,0.24,0.91,4.56
8,134,0.62,F,0.26,0.32,0.99,0.78,0.51,0.72,0.71,0.98,0.38,0.16,5.81
1,109,0.82,M,0.83,0.64,0.17,0.05,0.32,0.22,0.18,1,0.96,0.57,4.94
5,127,0.59,F,0.87,0.49,0.8,0.93,0.52,0.34,0.55,0.36,0.19,0.14,5.19
7,105,0.31,F,0.63,0.67,0.99,0.81,0.98,0.54,0.36,0.13,0.02,0.84,5.97
7,100,0.31,M,0.8,0.04,0.72,1,0.16,0.76,0.05,0.66,0.92,0.12,5.23
4,106,0.81,M,0.15,0.43,0.96,0.26,0.81,0.31,0.01,0.76,0.7,0.1,4.49
9,114,0.08,M,0.35,0.05,0.07,0.25,0.66,0.23,0.04,0.37,0.78,0.13,2.93
7,128,0.93,M,0.14,0.06,0.76,0.66,0.33,0.03,0.69,0.58,0.52,0.69,4.46
2,121,0.04,F,0.41,0.84,0.72,0.54,0.56,0.61,0.92,0.27,0.68,0.77,6.32
3,127,0.5,M,0.56,0.47,0.71,0.57,0.05,0.75,0.88,0.35,0.58,0.16,5.08
11,137,0.09,M,0.88,0.42,0.76,0.76,0.41,0.2,0.78,0.13,0.82,0.8,5.96
5,125,0.7,F,0.49,0.51,0.17,0.3,0.5,0.47,0.72,0.23,0.99,0.98,5.36
2,140,0.96,M,0.38,0.23,0.31,0.57,0.27,0.66,0.4,0.81,0.58,0.55,4.76
6,131,0.64,M,0.47,0.78,0.26,0.28,0.15,0.81,0.3,0.24,0.25,0.96,4.5
13,139,0.72,M,0.47,0.53,0.15,0.63,0.11,0.21,0.17,0.73,0.39,0.28,3.67
8,114,0.38,M,0.52,0.04,0.2,0.86,0.3,0.67,0.71,0.83,0.61,0.45,5.19
1,125,0.15,F,0.65,0.31,0.12,0.07,0.08,0.44,0.72,0.56,0.56,0.8,4.31
8,139,0.78,F,0.9,0.57,0.67,0.31,0.42,0.12,0.72,0.11,0.6,0.15,4.57
5,111,0.85,M,0.2,0.57,0.16,0.55,0.35,0.21,0.82,0.18,0.09,0.9,4.03
6,118,0.49,F,0.88,0.74,0.46,0.65,0.22,0.9,0.41,0.6,0.14,0.77,5.77
6,135,0.45,F,0.16,0.08,0.85,0.99,0.23,0.92,0.11,0.31,0.87,0.97,5.49
12,104,0.1,M,0.72,0.3,0.61,0.25,0.02,0.65,0.48,0.95,0.9,0.03,4.91
10,135,0.45,F,0.61,0.21,0.6,0.17,0.58,0.88,0.97,0.17,0.63,0.64,5.46
6,122,0.26,M,0.04,0.1,0.51,0.43,0.66,0.78,0.73,1,0.57,0.52,5.34
8,116,0.52,M,0.6,0.49,0.78,1,0.68,0.36,0.23,0.49,0.54,0.82,5.99
4,133,0.12,M,0.69,0.41,0.24,0.62,0.72,0.37,0.65,0.86,0.96,0.9,6.42
6,106,0.93,M,0.36,0.12,0.83,0.04,0.24,0.54,0.97,0.33,0.26,0.69,4.38
7,118,0.05,F,0.85,0.92,0.21,0.68,0.08,0.96,0.41,0.51,0.87,0.72,6.21
1,108,0.77,F,0.15,0.33,0.47,0.03,0.69,0.1,0.79,0.8,0.54,0.08,3.98
5,108,0.12,M,0.53,0.33,0.85,0.99,0.4,0.3,0.12,0.47,0.4,0.9,5.29
12,124,0.1,M,0.98,0.9,0.25,0.18,0.41,0.05,0.13,0.42,0.56,0.98,4.86
10,102,0.08,M,0.39,0.06,0.09,0.34,0.05,0.54,0.01,0.52,0.79,0.14,2.93
2,104,0.31,F,0.45,0.71,0.02,0.92,0.41,0.03,0.79,0.13,0.43,0.38,4.27
10,113,0.9,F,0.2,0.06,0.4,0.24,0.52,0.46,0.51,0.85,0.93,0.17,4.34
8,116,0.94,F,0.1,0.75,0.78,0.6,0.13,0.48,0.92,0.3,0.45,0.78,5.29
1,104,0.99,M,0.29,0.71,0.53,0.48,0.86,0.08,0.75,0.66,0.8,0.66,5.82
7,134,0.05,F,0.32,0.27,0.53,0.37,0.4,0.72,0.4,0.9,0.72,0.77,5.4
3,107,0.63,F,0.21,0.71,0.51,0.98,0.14,0.3,0.09,0.87,0.53,0.26,4.6
7,113,0.41,F,0.46,0.28,0.57,0.7,0.74,0.45,0.04,0.08,0.91,0.36,4.59
5,112,0.81,M,0.62,0.12,0.03,0.03,0.43,0.74,0.57,0.18,0.6,0.45,3.77
3,104,0.85,M,0.99,0.72,0.36,0.56,0.03,0.38,0.78,0.85,0.88,0.54,6.09
8,113,0.19,M,0.8,0.34,0.34,0.76,0.3,0.78,0.96,0.65,0.32,0.31,5.56
9,139,0.41,M,0.72,0.87,0.22,0.9,0.2,0.5,0.16,0.58,0.68,0.34,5.17
3,108,0.51,F,0.27,0.84,0.27,0.5,0.43,0.53,0.6,0.42,0.02,0.16,4.04
6,102,0.49,F,0.94,0.43,0.16,0.54,0.83,0.99,0.7,0.28,0.55,0.28,5.7
6,129,0.34,F,1,0.4,0.2,0.29,0.35,0.4,0.19,0.54,0.59,0.85,4.81
10,117,0.94,F,0.69,0.39,0.04,0.61,0.59,0.39,0.16,0.45,0.26,0.94,4.52
12,130,0.64,M,0.9,0.92,0.9,0.59,0.05,0.02,0.1,0.5,0.65,0.88,5.51
1,101,0.51,F,0.45,0.02,0.66,0.21,0.03,0.58,0.36,0.01,0.22,0.06,2.6
10,107,0.36,M,0.41,0.54,0.33,0.03,0.43,0.21,0.7,0.64,0.33,0.3,3.92
11,136,0.17,F,0.28,0.22,0.48,0.92,0.72,0.57,0.85,0.01,0.22,0.92,5.19
3,123,0.09,F,0.12,0.76,0.27,0.46,0.18,0.96,0.9,0.76,0.38,0.17,4.96
6,132,0.81,M,0.62,0.49,0.53,0.08,0.08,0.03,0.63,0.9,0.34,0.39,4.09
8,131,0.62,F,0.18,0.44,0.83,0.23,0.1,0.76,0.91,0.56,0.22,0.3,4.53
9,127,0.23,M,0.16,0.76,0.38,0.99,0.01,0.98,1,0.64,0.36,0.68,5.96
3,111,0.15,F,0.28,0.8,0.37,0.49,0.53,0.46,0.2,0.61,0.47,0.04,4.25
10,128,0.34,F,0.59,0.3,0.58,0.09,0.99,0.85,0.52,0.49,0.35,0.33,5.09
9,135,0.29,F,0.2,0.1,0.06,0.09,0.67,0.75,0.12,0.97,0.85,0.28,4.09
2,103,0.24,F,0.37,0.55,0.09,0.26,0.8,0.32,0.44,0.37,0.47,0.01,3.68
2,139,0.26,F,0.83,0.92,0.78,0.52,0.55,0.89,0.56,0.52,0.65,0.56,6.78
2,118,0.32,F,0.32,0.34,0.85,0.45,0.57,0.76,0.65,0.36,1,0.71,6.01
4,113,0.87,M,0.58,0.65,0.59,0.02,0.35,0.37,0.96,0.93,0.13,0.9,5.48
6,109,0,M,0.06,0.82,0.06,0.87,0.9,0.96,0.09,0.75,0.72,0.63,5.86
9,131,0.26,F,0.39,0.71,0.09,0.85,0.9,0.33,0.42,0.66,0.95,0.46,5.76
11,130,0.21,M,0.38,0.98,0.32,0.58,0.71,0.75,0.21,0.09,0.92,0.13,5.07
3,102,0.94,M,0.54,0.73,0.42,0.51,0.48,0.04,0.72,0.6,0.9,0.86,5.8
4,135,0.4,M,0.4,0.23,0.19,1,0.43,0.17,0.27,0.78,0.81,0.91,5.19
10,135,0.13,M,1,0.24,0.53,0.52,0.18,0.44,0.28,0.42,0.3,0.07,3.98
2,105,0.55,M,0.05,0.87,0.61,0.14,0.56,0.46,0.27,0.23,0.46,0.76,4.41
9,109,0.5,M,0.98,0.98,0.74,0.26,0.57,0.28,0.08,0.03,0.52,0.53,4.97
11,128,0.43,F,0.72,0.7,0.99,0.91,0.17,0.74,0.17,0.68,0.58,0.13,5.79
2,111,0.01,M,0.29,0.42,0.88,0.04,0,0.93,0.37,0.87,0.2,0.73,4.73
7,140,0.56,F,0.33,0.11,0.88,0.89,0.09,0.66,0.92,0.73,0.59,0.35,5.55
13,108,0.05,F,0.9,0.73,0.88,0.99,0.42,0.99,0.39,0.03,0.1,0.74,6.17
2,100,0.5,M,0.75,0.08,0.43,0.7,0.51,0.51,0.88,0.96,0,0.53,5.35
11,138,0.63,F,0.93,0.88,0.34,0.48,0.65,0.37,0.51,0.92,0.19,0.28,5.55
5,137,0.64,F,0.04,0.92,0.93,0.66,0.04,0.18,0.4,0.73,0.79,0.9,5.59
9,114,0.27,M,0.47,0.22,1,0.52,0.33,0.91,0.55,0.66,0.83,0.11,5.6
3,104,0.69,M,0.81,0.05,0.32,0.2,0.51,0.61,0.29,0.1,0.79,0.9,4.58
6,127,0.77,M,0.7,0.56,0.16,0.68,0.23,0.02,0.86,0.02,0.88,0.4,4.51
7,128,0.37,F,0.32,0.74,0.93,0.09,0.33,0.38,0.51,0.93,0.36,0.59,5.18
12,116,0.91,M,0.45,0.73,0.95,0.53,0.43,0.56,0.06,0.6,0.37,0.03,4.71
12,106,0.91,M,0.31,0.83,0.61,0.12,0.78,0.81,0.79,0.1,0.51,0.69,5.55
3,110,0.18,F,0.92,0.37,0.53,0.09,0.32,0.62,0,0.19,0.13,0.27,3.44
12,114,0.74,M,0.53,0.19,0.92,0.4,0.8,0.48,0.91,0.09,0.46,0.8,5.58
4,128,0.77,F,0.2,0.51,0.97,0.22,0.1,0.81,0.97,0.75,0.68,0.35,5.56
12,135,0.14,F,0.8,0.67,0.57,0.78,0.16,0.35,0.72,0.92,0.14,0.48,5.59
7,128,0.37,M,0.93,0.24,0.52,0.11,0.07,0.1,0.08,0.96,0.84,0.26,4.11
2,128,0.62,M,0.17,0.44,0.21,0.09,0.37,0.28,0.69,0.54,0.78,0.9,4.47
4,139,0.07,M,0.87,0.88,0.24,0.65,0.92,0.5,0.72,0.73,0.09,0.67,6.27
1,132,0.09,F,1,0.31,0.02,0.56,0.19,0.79,0.66,0.15,0.25,0.39,4.32
11,123,0.72,M,0.4,0.72,0.49,0.24,0.17,0.05,0.74,0.16,0.63,0.08,3.68
1,104,0.42,F,0.18,0.76,0.07,0.26,1,0.62,0.71,0.51,0.84,0.55,5.5
5,140,0.82,F,0.71,0.26,0.63,0.33,0.02,0.94,0.08,0.81,0.95,0.21,4.94
11,121,0.86,M,0.45,0.12,0.15,0.5,0.16,0.55,0.18,0.04,0.86,0.22,3.23
11,105,0.02,F,0.95,0.93,0.52,0.73,0.96,0.14,0.69,0.61,0.36,0.31,6.2
13,111,0.07,M,0.92,0.5,0.93,0.24,0.78,0.86,0.13,0.89,0.59,0.82,6.66
10,125,0.49,M,0.5,0.5,0.83,0.41,0.82,0.4,0.15,0.05,0.34,0.94,4.94
8,123,0.47,M,0.59,0.55,0.29,0.9,0.76,0.2,0.96,0.18,0.82,0.9,6.15
9,115,0.42,F,0.55,0.67,0.45,0.51,0.84,0.53,0.67,0.02,0.54,0.34,5.12
13,128,0.45,M,0.66,0.75,0.18,0.59,0.89,0.26,0.91,0.67,0.02,0.37,5.3
2,114,0.78,F,0,0.53,0.12,0.56,0.95,0.68,0.51,0.88,0.59,0.52,5.34
2,123,0.18,F,0.16,0.59,0.37,0.51,0.57,0.8,0.15,0.22,0.15,0.16,3.68
9,104,0.08,F,0.3,0.24,0.77,0.99,0.29,0.87,0.62,0.82,0.65,0.44,5.99
12,101,0.77,F,0.56,0.69,0.05,0.55,0.43,0.91,0.02,0.02,0.3,0.69,4.22
11,139,0.48,M,0.14,0.51,0.63,0.11,0.68,0.03,0.21,0.88,0.74,0.03,3.96
3,110,0.07,F,0.29,0.04,0.34,0.42,0.67,0.21,0.18,0.11,0.72,0.62,3.6
3,108,0.76,F,0.43,0.94,0.51,0.62,0.31,0.47,0.09,0.44,0.5,0.7,5.01
1,139,0.7,M,0.4,0.22,0.21,0.19,0.22,0.21,0.82,0.73,0.18,0.1,3.28
7,128,0.53,M,0.41,0.13,0.03,0.01,0.06,0.67,0.73,0.78,0.39,0.8,4.01
1,116,1,F,0.9,0.92,0.77,0.11,0.09,0.6,0.82,0.14,0.32,0.95,5.62
13,112,0.39,F,0.72,0.07,0.87,0.08,0.47,0.82,0.2,0.22,0.67,0.33,4.45
2,113,0.35,F,0.5,0.2,0.09,0.05,0.58,0.51,0.76,0.28,0.84,0.69,4.5
9,131,0.38,F,0.89,0.9,0.38,0.66,0.41,0.78,0.17,0.23,0.87,0.13,5.42
10,128,0.1,F,0.68,0.64,0.64,0.89,0.42,0.16,0.18,0.14,0.77,0.19,4.71
11,114,0.01,F,0.77,0.66,0.48,0.19,0.49,0.06,0.37,0.01,0.98,0.76,4.77
2,124,0.57,M,0.05,0.87,0.57,0.25,0.17,0.96,0.25,0.67,0.52,0.54,4.85
2,107,0.79,F,0.58,0.15,0.05,0.06,0.31,0.88,0.34,0.07,0.44,0.42,3.3
9,124,0.11,F,0.47,0.34,0.63,0.26,0.84,0.71,0.62,0.67,0.62,0.71,5.87
11,135,0.06,F,0.51,0.95,0.94,0.94,0.18,0.76,0.38,0.11,0.85,0.65,6.27
2,136,0,F,0.77,0.24,0.16,0.43,0.99,0.5,0.57,0.92,0.98,0.17,5.73
8,105,0.14,F,0.06,0.18,0.31,0.97,0.03,0.32,0.94,0.39,0.79,0.74,4.73
13,110,0.66,F,0.74,0.78,0.93,0.13,0.2,0.85,0.68,0.84,0.38,0.07,5.6
13,108,0.03,F,0.06,0.9,0.15,0.18,0.35,0.34,0.92,0.97,0.41,0.78,5.06
